organization_id,course_id,course_ids,session_id,title,description,file_url,media_url,media_prompt,audio_url,audio_script,media_gen_id,type,topic,week_number,generated_content,id,created_date,updated_date,created_by_id,is_sample
"69391901350762829f9a50b1","6942ae4afed1bf7040557a50","[""6942ae4afed1bf7040557a50""]","","דיאגנוסטיקה ואבחון תקלות","","https://bdnhost.net/Resources/guides/technology/automotive_guide.html","","","","","","link","","2","","6955135571b2b4df019a13d8","2025-12-31T12:13:09.694000","2025-12-31T16:49:25.501000","693824c5c1ad33c1f114ebd3","false"
"69391901350762829f9a50b1","69525c47b39f04b627f82cd3","[""69525c47b39f04b627f82cd3""]","69525c486a34d44d7c127c1e","מסמך טכני - PLC vs מחשב רגיל","מסמך השוואה מפורט בן 8 עמודים המנתח את ההבדלים הקריטיים בין PLC למחשב רגיל: חוסן פיזי זמן תגובה אמינות עלות תחזוקה. כולל טבלת השוואה מקיפה ו-5 תרחישים מעשיים.","","","A male teacher in his mid-30s with short dark hair wearing a light blue button-up shirt, sitting at a clean modern desk with a laptop, holding up two physical objects for comparison: in his right hand a rugged industrial PLC unit (Siemens S7-1200 with visible LED indicators), in his left hand a regular desktop computer tower, professional office background with technical charts on the wall, Israeli features, friendly explaining expression, front-facing camera angle, ultra-realistic 4k quality, educational photography style, balanced natural lighting","","[thoughtful] השאלה הכי חשובה במטלה שלכם היא... למה PLC?... [pauses] [confident] המסמך הזה עונה על זה בצורה מדויקת.... [pauses] [excited] תראו השוואה פיזית... חוסן... זמן תגובה... אמינות... עלות... [thoughtful] כל פרמטר מוסבר עם דוגמאות קונקרטיות.... [pauses] [warm] קראו את זה לפני שאתם כותבים את הדוח... זה יחסוך לכם המון זמן... וייתן לכם את הביטחון לכתוב תשובות מקצועיות!","","document","השוואת PLC למחשב","1","{""html_content"":""<h1>מסמך טכני - PLC vs מחשב רגיל</h1><h2>מבוא</h2><p>במסמך זה נבחן את ההבדלים בין <strong>PLC</strong> (מכונה לתכנות לשליטה בתהליכים) לבין מחשב רגיל. ננתח את ההיבטים הקריטיים כגון: חוסן פיזי, זמן תגובה, אמינות, עלות ותחזוקה.</p><h2>1. הגדרת המונחים</h2><ul><li><strong>PLC</strong> - מערכת אלקטרונית לתכנות שנועדה לשלוט בתהליך תעשייתי, עם יכולות של עיבוד נתונים ותקשורת עם מכשירים שונים.</li><li><strong>מחשב רגיל</strong> - מכשיר מחשוב גנרי הניתן לשימושים שונים, אחד מהם עשוי להיות שליטה בתהליכים אך לא מפותח במיוחד למטרה זו.</li></ul><h2>2. השוואה בין PLC למחשב רגיל</h2><h2>מאפייןPLCמחשב רגילחוסן פיזיעמיד במצבים קשים, עמידות גבוהה בטמפרטורות קיצוניות ולחצים.רגיש לתנאים סביבתיים, עשוי לכלול רכיבי חומרה רגילים.זמן תגובהזמן תגובה מהיר מאוד, מספק תגובה מיידית לאירועים חיצוניים.זמן תגובה יכול להיות גבוה, תלוי בחומרה ובתוכנה.אמינותמאוד אמין, מתוכנן לפעול במשך תקופות ארוכות ללא תקלות.תקלות נפוצות יותר, עשוי לדרוש הפסקות לתחזוקה או עדכונים.עלותעלות גבוהה יותר בהשקעה התחלתית, אך עשוי להיות משתלם בטווח הארוך.עלות נמוכה יותר בהשקעה התחלתית, אך עלויות תחזוקה עשויות להצטבר.תחזוקהדרישה נמוכה לתחזוקה, ניתן לתפעל בקלות עם מעטים תיקונים.תחזוקה גבוהה, עשוי להזדקק לעדכונים שוטפים. 3. תרחישים מעשיים</h2><p>נציג כעת חמישה תרחישים מעשיים להמחשת השימוש ב-PLC מול מחשב רגיל:</p><ol><li><strong>שליטה במערכת ייצור:</strong> PLC יכול לשלוט במכונות בתוך מפעל, מגיב במהירות לתקלות.</li><li><strong>מערכת אוטומטית לבניין חכם:</strong> מחשב רגיל יכול לשלוט במערכות בבית חכם, אך עשוי להפגין זמן תגובה לא מהיר.</li><li><strong>בקרת תנועת רכבות:</strong> מערכת בקרת רכבות מבוססת על PLC מספקת אמינות גבוהה וביטחון במערכת.</li><li><strong>ניהול מרכז נתונים:</strong> מחשבים רגילים עשויים לנהל מידע אך עלולים להיתקל בתקלות תקשורת.</li><li><strong>שליטה באירועים חקלאיים:</strong> PLC יכול לפקח על מערכות השקיה ולבצע אוטומציה לפי נתוני מזג האוויר.</li></ol><h2>סיכום</h2><p>לסיכום, השוואת PLC ומחשב רגיל מובילה למסקנה ש-PLC הוא פתרון הרבה יותר חזק ואמין עבור תוכניות שליטה תעשייתיות, אך יש לשקול את ההוצאות והתחזוקה הדרושה כאשר בוחרים את הפתרון המתאים לכל מקרה פרטי.</p><h2>מקורות</h2><p>1. ספרות מקצועית על PLCs ויישומם בתעשייה. 2. נתונים השוואתיים ממחקרים אקדמיים על מחשבים רגילים.</p>""}","69528aba2de4d80f9ba3bedb","2025-12-29T14:05:46.894000","2025-12-31T16:49:26.453000","693824c5c1ad33c1f114ebd3","false"
"69391901350762829f9a50b1","69525c47b39f04b627f82cd3","[""69525c47b39f04b627f82cd3""]","69525c486a34d44d7c127c1e","סרטון הדרכה - איך לזהות PLC ביישומים תעשייתיים","סרטון של 12 דקות המלמד איך לזהות נוכחות של PLC בסרטוני ייצור. מסביר על סימנים ויזואליים: ארונות בקרה לוחות חיווט פאנלי HMI ועוד. כולל 4 דוגמאות מנותחות צעד אחר צעד.","https://youtube.com/watch?v=plc-identification-guide","","A male teacher in his mid-30s with short dark hair wearing a light blue button-up shirt, standing in front of a green screen with augmented reality elements: behind him appears a transparent overlay of a factory production line video with animated arrows and circles highlighting PLC cabinets, sensors, and control panels, the teacher is pointing at these highlighted elements with a digital pointer, Israeli features, dynamic teaching pose, professional video production quality, 4k resolution, modern educational video aesthetic, bright studio lighting","","[excited] בסרטון הזה אני אלמד אתכם להיות בלשי תעשייה! [pauses] [confident] איך מזהים PLC בסרטון?... תחפשו ארונות מתכת עם נוריות... פאנלים עם כפתורים... חיווט מאורגן.... [pauses] [thoughtful] כל פס ייצור מתוזמן... כל תנועה חוזרת על עצמה... זה סימן ל-PLC.... [pauses] [warm] צפו בסרטון כמה פעמים... תרגלו על הדוגמאות שלי... ואז תעברו לסרטונים של המטלה... אתם תהיו מוכנים!","","video","טכניקות זיהוי PLC","1","{}","69528aba2de4d80f9ba3bedc","2025-12-29T14:05:46.894000","2025-12-31T16:49:27.334000","693824c5c1ad33c1f114ebd3","false"
"69391901350762829f9a50b1","69525c47b39f04b627f82cd3","[""69525c47b39f04b627f82cd3""]","69525c486a34d44d7c127c1e","לקסיקון - מונחי יסוד ב-PLC","מילון מונחים עם 25 מושגי מפתח הכרחיים להבנת עולם ה-PLC: Scan Cycle I/O Module CPU Ladder Logic HMI SCADA ועוד. כל מונח כולל הגדרה פשוטה דוגמה ותמונה.","https://example.com/plc-basic-terminology.json","","A male teacher in his mid-30s with short dark hair wearing a light blue button-up shirt, sitting casually on the edge of a modern desk in a bright office, holding a tablet displaying a glossary interface with Hebrew and English technical terms, behind him a wall with large printed technical vocabulary posters showing PLC components with labels, Israeli features, relaxed and approachable expression, casual educational setting, ultra-realistic 4k quality, natural window lighting, modern learning environment","","[warm] לפני שמתחילים לכתוב... חשוב שנדבר שפה משותפת.... [pauses] [confident] הלקסיקון הזה מכיל את כל המונחים שתצטרכו למטלה.... [pauses] [thoughtful] PLC... Scan Cycle... I/O Module... CPU... [excited] כל מילה מוסברת בפשטות... עם דוגמה... עם תמונה.... [pauses] [warm] תשמרו את זה פתוח ליד המסך בזמן שאתם עובדים על המטלה... זה יעזור לכם לכתוב בצורה מקצועית!","","lexicon","מונחון PLC בסיסי","1","{}","69528aba2de4d80f9ba3bedd","2025-12-29T14:05:46.894000","2025-12-31T16:49:28.230000","693824c5c1ad33c1f114ebd3","false"
"69391901350762829f9a50b1","69525c47b39f04b627f82cd3","[""69525c47b39f04b627f82cd3""]","69525c486a34d44d7c127c1e","קישור - ספריית וידאו תעשייתית של Automation Direct","קישור לספרייה ענקית של סרטוני תהליכי ייצור אוטומטיים ממפעלים אמיתיים. מסודר לפי תעשיות: מזון רכב פלסטיק אריזה לוגיסטיקה. משאב מצוין למציאת דוגמאות למטלה.","https://library.automationdirect.com/plc-applications-videos/","","A male teacher in his mid-30s with short dark hair wearing a light blue button-up shirt, standing next to a large touchscreen display showing a video library interface with thumbnail previews of factory automation videos organized in categories, the teacher is gesturing toward the screen with an open welcoming hand, modern digital learning center background, Israeli features, friendly and inviting expression, professional educational technology setting, ultra-realistic 4k quality, bright even lighting, tech-forward aesthetic","","[excited] יש לי מתנה בשבילכם! [pauses] [confident] ספרייה שלמה של סרטוני אוטומציה מכל העולם.... [pauses] [thoughtful] מסודר לפי תעשיות... מפעלי מזון... קווי ייצור לרכב... מערכות אריזה.... [excited] זה הכי קרוב שתגיעו לשטח בלי לעזוב את הבית! [pauses] [warm] השתמשו בזה כדי למצוא דוגמאות מעניינות למטלה שלכם... תהנו מהחיפוש... זה באמת מרתק!","","link","ספריית סרטונים תעשייתיים","1","{}","69528aba2de4d80f9ba3bede","2025-12-29T14:05:46.894000","2025-12-31T16:49:30.886000","693824c5c1ad33c1f114ebd3","false"
"69391901350762829f9a50b1","69525c47b39f04b627f82cd3","[""69525c47b39f04b627f82cd3""]","69525c496e0548034abad178","מצגת - Digital vs Analog I/O במעמיקים","מצגת טכנית בת 30 שקפים המסבירה לעומק את ההבדלים בין I/O דיגיטלי ואנלוגי. כוללת: עקרונות פיזיים טווחי מתח/זרם דיוק זמני דגימה ויישומים טיפוסיים לכל סוג.","","","A male teacher in his mid-30s with short dark hair wearing a light blue button-up shirt, standing in a professional technical training room, next to a large presentation screen showing a clear comparison table: left column labeled Digital I/O with binary 0/1 symbols and on/off switches, right column labeled Analog I/O with waveform graphs and variable measurement scales, the teacher is pointing at the differences with a laser pointer, Israeli features, professional instructor posture, ultra-realistic 4k quality, technical education setting, clear focused lighting","","במצגת הזו נעסוק בהבדלים בין I/O דיגיטלי ואנלוגי, נסקור את העקרונות הפיזיקליים, טווחי המתח והזרם, דיוק וזמני דגימה, ויישומים טיפוסיים של כל סוג.

בפרק זה נצלול לעקרונות הפיזיקליים של I/O דיגיטלי ואנלוגי. I/O דיגיטלי מתבסס על מערכת בינרית שבה ישנם רק שני מצבים, בעוד I/O אנלוגי מתמודד עם ערכים רציפים.

נבחן את טווחי המתח והזרם הפופולריים בכל סוג של I/O. עבור הקלטות דיגיטליות יש טווחים ברורים, בעוד שאנלוגי יכול להשתנות בהתאם לחיישנים השונים.

נדבר על דיוק בתחום הדיגיטלי והאנלוגי ואיך זמני הדגימה משפיעים על איכות המידע שנאסף. מדידה דיגיטלית מציעה פרמטרים מדויקים מאוד בעוד אנלוגי נקבע על ידי הרזולוציה.

במצגת זו נבצע סיכום על יישומים שונים של I/O דיגיטלי ואנלוגי. נגיד איך משתמשים בכל אחד ואילו פרויקטים יכולים להרוויח משימוש משולב.","","presentation","קלטים ופלטים - Digital vs Analog","2","{""slides"":[{""title"":""הקדמה ל-I/O דיגיטלי ואנלוגי"",""bullets"":[""מהם I/O דיגיטלי ואנלוגי?"",""חשיבות ההבנה של I/O במערכות אלקטרוניות"",""יישומים שונים של I/O דיגיטלי ואנלוגי""],""speaker_notes"":""במצגת הזו נעסוק בהבדלים בין I/O דיגיטלי ואנלוגי, נסקור את העקרונות הפיזיקליים, טווחי המתח והזרם, דיוק וזמני דגימה, ויישומים טיפוסיים של כל סוג.""},{""title"":""עקרונות פיזיים של I/O דיגיטלי ואנלוגי"",""bullets"":[""I/O דיגיטלי: ייצוג ערכים בעזרת 0 ו-1"",""I/O אנלוגי: ייצוג ערכים רציפים"",""יתרונות וחסרונות של כל סוג""],""speaker_notes"":""בפרק זה נצלול לעקרונות הפיזיקליים של I/O דיגיטלי ואנלוגי. I/O דיגיטלי מתבסס על מערכת בינרית שבה ישנם רק שני מצבים, בעוד I/O אנלוגי מתמודד עם ערכים רציפים.""},{""title"":""טווחי מתח וזרם של I/O"",""bullets"":[""I/O דיגיטלי: טווחים מוגדרים (למשל 0-5V)"",""I/O אנלוגי: טווח משתנה לפי חיישנים"",""השפעת טווחי המתח על הביצועים""],""speaker_notes"":""נבחן את טווחי המתח והזרם הפופולריים בכל סוג של I/O. עבור הקלטות דיגיטליות יש טווחים ברורים, בעוד שאנלוגי יכול להשתנות בהתאם לחיישנים השונים.""},{""title"":""דיוק וזמני דגימה"",""bullets"":[""דיוק I/O דיגיטלי: נתון מדויק"",""דיוק I/O אנלוגי: תלוי ברזולוציה"",""זמני דגימה והמשמעות שלהם""],""speaker_notes"":""נדבר על דיוק בתחום הדיגיטלי והאנלוגי ואיך זמני הדגימה משפיעים על איכות המידע שנאסף. מדידה דיגיטלית מציעה פרמטרים מדויקים מאוד בעוד אנלוגי נקבע על ידי הרזולוציה.""},{""title"":""יישומים טיפוסיים של I/O דיגיטלי ואנלוגי"",""bullets"":[""I/O דיגיטלי: מחשבים, מכונות מצב מסוים"",""I/O אנלוגי: חיישנים, מכשירים רפואיים"",""שילוב I/O דיגיטלי ואנלוגי בפרויקטים""],""speaker_notes"":""במצגת זו נבצע סיכום על יישומים שונים של I/O דיגיטלי ואנלוגי. נגיד איך משתמשים בכל אחד ואילו פרויקטים יכולים להרוויח משימוש משולב.""}]}","69528aba2de4d80f9ba3bedf","2025-12-29T14:05:46.894000","2025-12-31T16:49:31.991000","693824c5c1ad33c1f114ebd3","false"
"69391901350762829f9a50b1","69525c47b39f04b627f82cd3","[""69525c47b39f04b627f82cd3""]","69525c496e0548034abad178","מדריך חיווט I/O לבקרי Siemens S7-1200","מדריך טכני רשמי של 15 עמודים עם תרשימי חיווט מפורטים לכל סוגי המודולים: DI DO AI AO. כולל: צבעי חוטים מתחי הפעלה נגדי משיכה הגנות ודוגמאות מלאות.","https://www.fmicassets.com/Damroot/Original/10038/OM_Quantum-ES-Series_EN.pdf","","A male teacher in his mid-30s with short dark hair wearing a light blue button-up shirt, sitting at an engineering workbench with real PLC hardware: a Siemens S7-1200 PLC mounted on a DIN rail, colored wires (red, blue, black, green) connected to input/output modules, holding a printed wiring diagram in one hand and pointing at the physical connections with the other hand, professional electronics lab background with oscilloscope and multimeter visible, Israeli features, focused technical expression, overhead lighting emphasizing the hardware, ultra-realistic 4k quality, hands-on technical training aesthetic","","[confident] עכשיו אנחנו נכנסים לעומק הטכני.... [pauses] [thoughtful] חיווט זה לא משהו שמנחשים... יש כללים... יש תקנים... יש צבעים.... [pauses] [excited] המדריך הזה מראה לכם בדיוק איך מחברים כל חיישן... כל מנוע... לפי התקן של Siemens.... [pauses] [warm] עבדו עם המדריך פתוח... תרגמו את זה לתרשים שלכם... תוכלו להצביע ולהגיד - ככה מחברים אנלוגי... ככה דיגיטלי!","","document","חיווט חשמלי של I/O","2","{}","69528aba2de4d80f9ba3bee0","2025-12-29T14:05:46.894000","2025-12-31T16:49:32.873000","693824c5c1ad33c1f114ebd3","false"
"69391901350762829f9a50b1","69525c47b39f04b627f82cd3","[""69525c47b39f04b627f82cd3""]","69525c496e0548034abad178","סרטון - תכנון מערכת I/O צעד אחר צעד","הדרכת וידאו של 18 דקות המדגימה תהליך שלם של תכנון מערכת I/O למערכת מיון. מתחיל מניתוח דרישות דרך בחירת סוג I/O בניית טבלה ועד תרשים חיווט סופי.","https://youtube.com/watch?v=io-system-design-tutorial","","A male teacher in his mid-30s with short dark hair wearing a light blue button-up shirt, sitting at a desk with a large graphics tablet/drawing pad, actively sketching an I/O system diagram that appears on a screen behind him in real-time, the diagram shows sensors, motors, and a PLC with connection lines being drawn dynamically, professional video recording setup with clean background, Israeli features, animated teaching style with hand gestures, ultra-realistic 4k quality, dynamic educational video production, bright studio lighting with blue accent lights","","[excited] בסרטון הזה אני אבנה איתכם מערכת I/O מאפס! [pauses] [confident] נתחיל מלהבין מה המערכת צריכה לעשות... איזה חיישנים... איזה מפעילים.... [pauses] [thoughtful] ואז נבחר - דיגיטלי או אנלוגי?... נבנה טבלה... נצייר תרשים.... [pauses] [warm] צפו בזה לפחות פעמיים... פעם ראשונה להבין... פעם שנייה עם המטלה שלכם פתוחה לצד... תעשו את זה ביחד איתי!","","video","תהליך תכנון מערכת I/O","2","{}","69528aba2de4d80f9ba3bee1","2025-12-29T14:05:46.894000","2025-12-31T16:49:34.287000","693824c5c1ad33c1f114ebd3","false"
"69391901350762829f9a50b1","69525c47b39f04b627f82cd3","[""69525c47b39f04b627f82cd3""]","69525c496e0548034abad178","לקסיקון - מונחי I/O וחומרת PLC","מונחון טכני עם 30 מושגים חיוניים: Digital Input Analog Output Current Loop Voltage Signal Sinking/Sourcing Common Ground ועוד. כולל תרשימים והסברים פיזיים.","https://example.com/io-terminology-lexicon.json","","A male teacher in his mid-30s with short dark hair wearing a light blue button-up shirt, standing in front of a large interactive whiteboard displaying a digital glossary with technical terms, electrical symbols, and small animated diagrams explaining each concept, the teacher is using a stylus to circle and annotate terms on the board, modern smart classroom environment, Israeli features, engaged teaching expression, ultra-realistic 4k quality, interactive learning technology, bright even lighting","","[warm] בתכנון מערכת I/O... השפה צריכה להיות מדויקת.... [pauses] [confident] Sinking או Sourcing?... Common או Ground?... 4-20mA או 0-10V?... [thoughtful] כל מונח פה פירושו משהו ספציפי.... [pauses] [excited] הלקסיקון הזה יעזור לכם להבין את ה-datasheets... לדבר כמו מהנדסים... ולכתוב את הנימוקים במטלה בצורה מקצועית.... [pauses] [warm] תשתמשו בו כמו במילון... כל פעם שאתם נתקלים במונח - בדקו פה!","","lexicon","מונחון I/O מקצועי","2","{}","69528aba2de4d80f9ba3bee2","2025-12-29T14:05:46.894000","2025-12-31T16:49:35.650000","693824c5c1ad33c1f114ebd3","false"
"69391901350762829f9a50b1","69525c47b39f04b627f82cd3","[""69525c47b39f04b627f82cd3""]","69525c496e0548034abad178","קישור - קטלוג מודולי I/O של Siemens","קישור ישיר לקטלוג הרשמי של Siemens עם כל מודולי ה-I/O ל-S7-1200/1500. כולל datasheets מלאים מפרטים טכניים ומספרי קטלוג להזמנה. חיוני למטלה!","https://mall.industry.siemens.com/mall/en/WW/Catalog/Products/10346296","","A male teacher in his mid-30s with short dark hair wearing a light blue button-up shirt, sitting at a modern computer workstation, the large monitor displays the official Siemens catalog website with clear product images of I/O modules, specifications tables, and datasheet PDFs, the teacher is pointing at a specific module on screen while looking at the camera with a knowing smile, professional office setting with Siemens posters on the wall, Israeli features, helpful instructor vibe, ultra-realistic 4k quality, professional corporate aesthetic, natural desk lighting","","[confident] והנה המקור הכי אמין שיש... הקטלוג הרשמי של Siemens! [pauses] [excited] פה תמצאו את כל המודולים... כל ה-datasheets... מפרטים מלאים... מספרי הזמנה.... [pauses] [thoughtful] זה לא רק לצורך המטלה... זה מה שמהנדסים אמיתיים משתמשים בו כשהם מתכננים מערכות.... [pauses] [warm] תחפשו מודול שמתאים למה שאתם צריכים... תורידו את ה-datasheet... תצרפו לינק במטלה... זה בדיוק מה שמצופה מכם!","","link","קטלוג Siemens I/O Modules","2","{}","69528aba2de4d80f9ba3bee3","2025-12-29T14:05:46.894000","2025-12-31T16:49:36.632000","693824c5c1ad33c1f114ebd3","false"
"69391901350762829f9a50b1","69525c47b39f04b627f82cd3","[""69525c47b39f04b627f82cd3""]","69525c496e0548034abad178","דוגמה מלאה - תכנון מערכת מיון משקל","דוגמה מפורטת של תכנון מערכת I/O למיון חבילות (דומה למטלה). כולל: ניתוח דרישות טבלת I/O תרשים חיווט נימוקים לבחירות ו-datasheet. משמש כעזר ודוגמה - לא להעתקה!","https://example.com/sorting-system-io-design-example.pdf","","A male teacher in his mid-30s with short dark hair wearing a light blue button-up shirt, holding up a professionally bound technical document with visible diagrams and tables on the open pages, standing in a clean modern office, a package sorting conveyor belt system visible in soft focus behind him through a window, Israeli features, reassuring and helpful expression, educational mentor style, ultra-realistic 4k quality, professional corporate training environment, natural balanced lighting","","[warm] יש לי עוד משהו שיעזור לכם.... [pauses] [thoughtful] דוגמה מלאה של מערכת דומה למה שאתם צריכים לתכנן.... [pauses] [confident] תראו איך בונים טבלה נכונה... איך מסבירים החלטות... איך מצרפים datasheets.... [pauses] [excited] אבל תשימו לב! [pauses] [serious] זו דוגמה ללמידה... לא להעתקה.... המערכת שלכם שונה... והיא צריכה להיות שלכם.... [pauses] [warm] תשתמשו בזה כמדריך... כהשראה... אבל תחשבו בעצמכם... כי זה מה שעושה אתכם מהנדסים!","","document","דוגמה מעשית - מערכת מיון","2","{}","69528aba2de4d80f9ba3bee4","2025-12-29T14:05:46.894000","2025-12-31T16:49:37.520000","693824c5c1ad33c1f114ebd3","false"
"69391901350762829f9a50b1","69525c47b39f04b627f82cd3","[""69525c47b39f04b627f82cd3""]","69525c486a34d44d7c127c1e","מצגת - PLC במציאות התעשייתית","מצגת מקיפה המציגה 15 דוגמאות אמיתיות של יישומי PLC בתעשייה הישראלית - ממפעלי מזון ועד הייטק. כל דוגמה כוללת תמונות תרשימים והסבר מדוע PLC נבחר לאותה משימה.","https://base44.app/api/apps/693824c5c1ad33c1f114ebd2/files/public/693824c5c1ad33c1f114ebd2/24e5d4dd3__PLC_____.pdf","","A male teacher in his mid-30s with short dark hair wearing a light blue button-up shirt, standing confidently in a modern presentation room, behind him a large projection screen displaying a split view: left side shows a real factory floor with robotic arms and conveyor belts, right side shows a highlighted PLC control cabinet with glowing connection lines to various machines, professional business presentation setting with spotlights, Israeli features, engaging presenter posture, ultra-realistic 4k quality, corporate training aesthetic, blue and orange accent lighting","","[excited] מצגת זו תיקח אתכם למסע בתעשייה הישראלית! [pauses] נראה יחד איך PLC עובד במפעלי Strauss... באוסם... בחברות הייטק.... [pauses] [confident] כל דוגמה מוסברת לעומק... תראו את הבקר... תבינו את ההחלטה ההנדסית... [thoughtful] ולמה דווקא PLC ולא מחשב רגיל.... [pauses] [warm] השתמשו במצגת הזו כמקור השראה למטלה שלכם... זה בדיוק מה שאתם צריכים!","","document","זיהוי יישומי PLC בתעשייה","1","{}","69528aba2de4d80f9ba3beda","2025-12-29T14:05:46.893000","2025-12-31T16:49:38.414000","693824c5c1ad33c1f114ebd3","false"
"69391901350762829f9a50b1","69525c47b39f04b627f82cd3","[""69525c47b39f04b627f82cd3""]","69525c49b82203318a828a48","מצגת Ladder Logic - יסודות","מצגת מקיפה המסבירה את עקרונות Ladder Logic עם דוגמאות קוד ודיאגרמות מפורטות","","","A professional technical presentation slide showing ladder logic diagram with blue rungs, contact symbols, and coil outputs, industrial control theme, clean design, 4k","","הלוגיקה של סכמות סולמות היא שיטה חזקית בתכנות מכונות תעשייתיות. במצגת זו נציג את היסודות שלה ואת החשיבות שבשימוש בה.

נעסוק בכמה מהאלמנטים הבסיסיים בלוגיקת סולמות, כמו מגעים, יציאות, וכיצד הם פועלים יחד.

תמונות ודיאגרמות יסייעו להבין כיצד מסודרת הלוגיקה ואילו פעולות מתבצעות. נראה דוגמאות קוד שממחישות את העקרונות.

נדבר על מיתוגים בלוגיקה, על פונקציות לוגיות שונות ושימושם בקוד.

נסכם את הנושאים שנכנסו אליהם ונדגיש את התועלות בכך שנמשיך ללמוד ולהתפתח בתחום הלוגיקה.","","presentation","Ladder Logic בסיסי","3","{""slides"":[{""title"":""מבוא ללוגיקת סולמות"",""bullets"":[""מה זה לוגיקת סולמות?"",""שימושים עיקריים בלוגיקת סולמות"",""יתרונות הלוגיקה""],""speaker_notes"":""הלוגיקה של סכמות סולמות היא שיטה חזקית בתכנות מכונות תעשייתיות. במצגת זו נציג את היסודות שלה ואת החשיבות שבשימוש בה.""},{""title"":""יסודות לוגיקת סולמות"",""bullets"":[""מה זו תוכנת PLC?"",""אלמנטים בסיסיים בלוגיקת סולמות"",""סימני לוגיקה בסיסיים""],""speaker_notes"":""נעסוק בכמה מהאלמנטים הבסיסיים בלוגיקת סולמות, כמו מגעים, יציאות, וכיצד הם פועלים יחד.""},{""title"":""דיאגרמת פעולות ולוגיקה"",""bullets"":[""מבנה דיאגרמת סולמות"",""דוגמאות קוד פשוט"",""פונקציות בסיסיות""],""speaker_notes"":""תמונות ודיאגרמות יסייעו להבין כיצד מסודרת הלוגיקה ואילו פעולות מתבצעות. נראה דוגמאות קוד שממחישות את העקרונות.""},{""title"":""מיתוגים ופעולות"",""bullets"":[""מיתוגים בסולמות"",""פעולות יסוד: AND, OR, NOT"",""דוגמאות קוד עם מיתוגים""],""speaker_notes"":""נדבר על מיתוגים בלוגיקה, על פונקציות לוגיות שונות ושימושם בקוד.""},{""title"":""סיכום ומסקנות"",""bullets"":[""מה למדנו על לוגיקת סולמות?"",""תועלות בלמידת נושא זה"",""צעדים הבאים בלימוד לוגיקה""],""speaker_notes"":""נסכם את הנושאים שנכנסו אליהם ונדגיש את התועלות בכך שנמשיך ללמוד ולהתפתח בתחום הלוגיקה.""}]}","6952641336c5c2e498d3d66a","2025-12-29T11:20:51.005000","2025-12-31T16:49:39.309000","693824c5c1ad33c1f114ebd3","false"
"69391901350762829f9a50b1","69525c47b39f04b627f82cd3","[""69525c47b39f04b627f82cd3""]","69525c49b82203318a828a48","מסמך Ladder Logic - מדריך מהיר","מדריך PDF בן 12 עמודים עם כל הסמלים והפקודות הבסיסיות ב-Ladder Logic כולל טבלת התייחסות מהירה","https://example.com/ladder-quick-guide.pdf","","A clean infographic-style cheat sheet showing Ladder Logic symbols - normally open, normally closed, coil, timer, counter - with descriptions in Hebrew, modern technical illustration","","מדריך זה מכיל את כל הסמלים והפקודות שתצטרכו לתרגיל הראשון. כל סמל מוסבר בפירוט, עם דוגמאות לשימוש נכון. זהו חומר עזר מצוין שכדאי להדפיס ולשמור לצד המחשב במהלך התרגול.","","document","Ladder Logic בסיסי","3","{}","6952641336c5c2e498d3d66b","2025-12-29T11:20:51.005000","2025-12-31T16:49:40.281000","693824c5c1ad33c1f114ebd3","false"
"69391901350762829f9a50b1","69525c47b39f04b627f82cd3","[""69525c47b39f04b627f82cd3""]","69525c49b82203318a828a48","לקסיקון Ladder Logic","מונחון מקיף של מושגי מפתח ב-Ladder Logic - רצף לוגי פתוח וסגור מצב וסליל","https://example.com/ladder-lexicon.json","","A modern digital dictionary interface showing technical terms with icons, glossary style, clean typography, industrial blue color scheme","","לקסיקון זה מכיל 30 מונחים חיוניים בעברית ובאנגלית. כל מונח כולל הגדרה מדויקת, דוגמה לשימוש, וקישור למושגים קשורים. השתמשו בו ככלי עזר במהלך התרגול.","","other","Ladder Logic בסיסי","3","{}","6952641336c5c2e498d3d66c","2025-12-29T11:20:51.005000","2025-12-31T16:49:41.190000","693824c5c1ad33c1f114ebd3","false"
"69391901350762829f9a50b1","69525c47b39f04b627f82cd3","[""69525c47b39f04b627f82cd3""]","69525c49b82203318a828a48","סרטון הדרכה - Ladder Logic ב-10 דקות","סרטון הדרכה קצר וממוקד המראה איך לכתוב תוכנית Ladder פשוטה צעד אחר צעד","https://youtube.com/watch?v=ladder-basic-tutorial","","A video thumbnail showing an instructor pointing at a ladder logic diagram on a screen, professional studio setup, engaging composition","","סרטון זה מלווה אתכם בכתיבת התוכנית הראשונה שלכם. נתחיל מדף ריק, נוסיף מגעים וסלילים, ונראה איך התוכנית עובדת בסימולטור. עשר דקות שישנו לכם את הגישה לתכנות PLC!","","video","Ladder Logic בסיסי","3","{}","6952641336c5c2e498d3d66d","2025-12-29T11:20:51.005000","2025-12-31T16:49:42.090000","693824c5c1ad33c1f114ebd3","false"
"69391901350762829f9a50b1","69525c47b39f04b627f82cd3","[""69525c47b39f04b627f82cd3""]","69525c4909b5c39ec6f314c3","מצגת Timers & Counters - שימושים מעשיים","מצגת המציגה 15 דוגמאות ממפעלים אמיתיים של שימוש בטיימרים ומונים","","","Industrial automation examples showing timer and counter applications - conveyor belt counting, traffic light timing, production line control, photorealistic factory scenes","","היי לכולם, היום נדבר על טיימרים ומונים, טכנולוגיות חשובות שיש להן שימושים רבים בתעשייה. נכיר את המונחים הבסיסיים ונציג את היישומים שלהם.

המפעלים משתמשים בטיימרים כדי לפקח על תהליכי הייצור במכונות שונות, מה שעוזר לשפר את היעילות ולהפחית עלויות.

מוני מים משמשים בתחום המים כדי לסנן ולבקר את כמות המים המנוצלת, והם מביאים לייעול של מערכות סינון.

בחקלאות, טיימרים משמשים להשקיה מדויקת, מה שמאפשר לחקלאים להשתמש במקורות מים בצורה יעילה יותר.

לסיכום, ראינו כמה דוגמאות מעניינות לשימוש בטיימרים ומונים בתעשייה. עכשיו אני אשמח לשמוע אם יש לכם שאלות.","","presentation","Timers & Counters","4","{""slides"":[{""title"":""מבוא לטיימרים ומונים"",""bullets"":[""מה הם טיימרים ומונים?"",""חשיבות השימוש בטיימרים ומונים"",""סקירה כללית של הנושאים בהמצגת""],""speaker_notes"":""היי לכולם, היום נדבר על טיימרים ומונים, טכנולוגיות חשובות שיש להן שימושים רבים בתעשייה. נכיר את המונחים הבסיסיים ונציג את היישומים שלהם.""},{""title"":""דוגמא 1: בקרת ייצור במפ factories"",""bullets"":[""שימוש במכונות עם טיימרים"",""מעקב אחרי זמן ייצור"",""ייעול תהליכי הייצור""],""speaker_notes"":""המפעלים משתמשים בטיימרים כדי לפקח על תהליכי הייצור במכונות שונות, מה שעוזר לשפר את היעילות ולהפחית עלויות.""},{""title"":""דוגמא 2: סינון מים במערכות מים"",""bullets"":[""שימוש במונים למדידת כמות מים"",""בקרת זרימה על סמך נתוני מונים"",""שיפור תהליך הטיפול במים""],""speaker_notes"":""מוני מים משמשים בתחום המים כדי לסנן ולבקר את כמות המים המנוצלת, והם מביאים לייעול של מערכות סינון.""},{""title"":""דוגמא 3: חקלאות מדויקת עם טיימרים"",""bullets"":[""שימוש בטיימרים להשקיה מבוקרת"",""בקרה על זמן התאקלמות צמחים"",""ייעול שימוש במשאבים""],""speaker_notes"":""בחקלאות, טיימרים משמשים להשקיה מדויקת, מה שמאפשר לחקלאים להשתמש במקורות מים בצורה יעילה יותר.""},{""title"":""סיכום והצגת שאלות"",""bullets"":[""חזרה על השימושים המרכזיים"",""איך יודעים לבחור את הטיימר/מונה הנכון?"",""שאלות מהקהל""],""speaker_notes"":""לסיכום, ראינו כמה דוגמאות מעניינות לשימוש בטיימרים ומונים בתעשייה. עכשיו אני אשמח לשמוע אם יש לכם שאלות.""}]}","6952641336c5c2e498d3d66e","2025-12-29T11:20:51.005000","2025-12-31T16:49:43.337000","693824c5c1ad33c1f114ebd3","false"
"69391901350762829f9a50b1","69525c47b39f04b627f82cd3","[""69525c47b39f04b627f82cd3""]","69525c4909b5c39ec6f314c3","מסמך Timers - מדריך טכני מפורט","מדריך טכני המסביר את שלושת סוגי הטיימרים TON TOF TP עם דוגמאות קוד","","","A detailed technical manual page showing TON timer function block diagram with timing charts, professional industrial documentation style","","מדריך זה הוא המקור המקיף ביותר לטיימרים ב-PLC. כל סוג טיימר מוסבר לעומק, עם תרשימי זמן ברורים ודוגמאות קוד מוכחות. המדריך כולל גם פתרונות לבעיות נפוצות ותקלות טיפוסיות.","","document","Timers & Counters","4","{""html_content"":""<h1>מסמך Timers - מדריך טכני מפורט</h1><p>בתחום התכנה, טיימרים (Timers) הם רכיבים חשובים מאוד, המאפשרים לבצע פעולות בזמן מדויק או לאחר תקופה מסוימת. במדריך זה נעסוק בשלושה סוגי טיימרים עיקריים: TON, TOF ו-TP. לכל אחד מהם יש שימושים ייחודיים, ונציג דוגמאות קוד כדי להמחיש את השימושים השונים.</p><h2>1. טיימר TON (Time ON Delay)</h2><p>טיימר TON הוא טיימר המתחיל לספור זמן ברגע שהקלט שלו פעיל (HIGH). אם הקלט יישאר פעיל למשך פרק הזמן שנבחר, הטיימר יפעיל את הפלט (OUTPUT).</p><h3>דוגמה לקוד עבור טיימר TON:</h3><pre class=\""ql-syntax\"" spellcheck=\""false\"">\n// הגדרת טיימר TON\nTON timer1;\n\nvoid setup() {\n    pinMode(8, INPUT);  // כניסת טיימר\n    pinMode(9, OUTPUT); // יציאת טיימר\n}\n\nvoid loop() {\n    if (digitalRead(8) == HIGH) {  // אם הכניסה פעילה\n        timer1.start(10000); // התחלת טיימר ל-10 שניות\n    }\n    if (timer1.isDone()) {  // אם הטיימר סיים לספור\n        digitalWrite(9, HIGH); // הפעלת הפלט\n    }\n}\n</pre><h2>2. טיימר TOF (Time OFF Delay)</h2><p>טיימר TOF הוא טיימר המפסיק את הפעולה שלו ברגע שהקלט שלו מפסיק להיות פעיל (LOW). לאחר הפסקת הכניסה, הטיימר יתחיל לספור את הזמן שנבחר, ולאחר מכן יפעיל את הפלט.</p><h3>דוגמה לקוד עבור טיימר TOF:</h3><pre class=\""ql-syntax\"" spellcheck=\""false\"">\n// הגדרת טיימר TOF\nTOF timer2;\n\nvoid setup() {\n    pinMode(8, INPUT);  // כניסת טיימר\n    pinMode(9, OUTPUT); // יציאת טיימר\n}\n\nvoid loop() {\n    if (digitalRead(8) == LOW) {  // אם הכניסה לא פעילה\n        timer2.start(5000); // התחלת טיימר ל-5 שניות\n    }\n    if (timer2.isDone()) {  // אם הטיימר סיים לספור\n        digitalWrite(9, LOW); // השבתת הפלט\n    }\n}\n</pre><h2>3. טיימר TP (Pulse Timer)</h2><p>טיימר TP הוא טיימר המשתמש לספק פלט בחלוף זמן קבוע לאחר שהקלט שלו פעיל (HIGH). ברגע שהקלט מתממש, הפלט נשאר פעיל לזמן ספציפי ולאחר מכן מכבה את עצמו.</p><h3>דוגמה לקוד עבור טיימר TP:</h3><pre class=\""ql-syntax\"" spellcheck=\""false\"">\n// הגדרת טיימר TP\nTP timer3;\n\nvoid setup() {\n    pinMode(8, INPUT);  // כניסת טיימר\n    pinMode(9, OUTPUT); // יציאת טיימר\n}\n\nvoid loop() {\n    if (digitalRead(8) == HIGH) {  // אם הכניסה פעילה\n        timer3.start(2000); // הפעלת טיימר ל-2 שניות\n    }\n    if (timer3.isRunning()) {  // אם הטיימר פועל\n        digitalWrite(9, HIGH); // הפעלת הפלט\n    }\n    if (timer3.isDone()) {  // אם הטיימר סיים לספור\n        digitalWrite(9, LOW); // השבתת הפלט\n    }\n}\n</pre><h2>סיכום</h2><p>טיימרים הם כלי חשוב מאוד בתכנה ובקרת מערכות. באמצעות שליטה מדויקת על הזמן, אפשר לבצע מגוון פעולות באופן אוטומטי. במדריך זה הסברנו את שלושת הסוגים העיקריים של טיימרים עם דוגמאות מעשיות. הבנה טובה של כל טיימר תסייע להיכנס לעולם התכנות ולהשתמש בטכנולוגיות מתקדמות בעבודות שלכם בעתיד.</p>""}","6952641336c5c2e498d3d66f","2025-12-29T11:20:51.005000","2025-12-31T16:49:44.653000","693824c5c1ad33c1f114ebd3","false"
"69391901350762829f9a50b1","69525c47b39f04b627f82cd3","[""69525c47b39f04b627f82cd3""]","69525c4909b5c39ec6f314c3","סרטון - רמזור חכם עם טיימרים","פרויקט מוכן של רמזור תלת-פאזי המשתמש ב-3 טיימרים ולוגיקה מתקדמת","https://youtube.com/watch?v=plc-traffic-light","","A simulation of a traffic light system running in PLC software, showing red yellow green lights changing with timing diagrams","","בסרטון זה נבנה ביחד רמזור מלא ופועל. נתחיל מהתכנון, נעבור דרך הקוד, ונראה את המערכת רצה בסימולציה. זהו תרגיל מצוין לפני שתתחילו בתרגיל שלכם!","","video","Timers & Counters","4","{}","6952641336c5c2e498d3d670","2025-12-29T11:20:51.005000","2025-12-31T16:49:45.528000","693824c5c1ad33c1f114ebd3","false"
"69391901350762829f9a50b1","69525c47b39f04b627f82cd3","[""69525c47b39f04b627f82cd3""]","69525c4909b5c39ec6f314c3","לקסיקון Timers & Counters","מונחון מקצועי עם 25 מונחים הקשורים לטיימרים מונים רזולוציה ועוד","","","A glossary interface showing timer-related terms with visual icons - clock, counter digits, preset values, modern UI design","","מונחון זה חיוני להבנת העולם של טיימרים ומונים. למדו מהו Preset Value, מה ההבדל בין ET ל-PT, ואיך עובד Reset Condition. כל מונח מוסבר בפשטות עם דוגמה קצרה.","","document","Timers & Counters","4","{""html_content"":""<h1>לקסיקון: טיימרים ומונים</h1><p>במסמך זה נעסוק בלקסיקון מקצועי הכולל 25 מונחים הקשורים לטיימרים ומונים. נושאים אלה נפוצים בתחום ההנדסה והבקרה, וחשוב להכיר את המונחים כדי להבין את טכנולוגיות הזמן והמדידה.</p><h2>1. טיימר (Timer)</h2><p>כלי שלחישוב זמן קבוע או מועד מסוים, הנפוץ בשימוש בבקרי תעשייה ובמכשירים אלקטרוניים.</p><h2>2. מונה (Counter)</h2><p>מכשיר המודד כמות אירועים או פעולות, כגון ספירת כיבויים להדלקת מנוע.</p><h2>3. רזולוציה (Resolution)</h2><p>יכולת של מכשיר למדוד או להראות פרטים קטנים, כמו תזמון עד לרמת המילישנייה.</p><h2>4. זמן פעולה (Active Time)</h2><p>הזמן בו המכשיר או המערכת פועלים בפועל, לעומת הזמן המושקע בתהליכים אחרים.</p><h2>5. זמן המתנה (Delay Time)</h2><p>תקופת זמן בה יש להמתין לפני התחלת פעולה כלשהי.</p><h2>6. מצב (State)</h2><p>המצב הנוכחי של הטיימר או המונה, כגון מופעל, כבוי, או בהמתנה.</p><h2>7. חישוב זמן (Time Calculation)</h2><p>תהליך חישוב הזמן באמצעות טיימר או מכשיר דומה.</p><h2>8. תצוגה דיגיטלית (Digital Display)</h2><p>שיטה להצגת תוצאות טיימר או מונה בצורה דיגיטלית, לרוב על גבי מסך.</p><h2>9. הגדרת זמן (Time Setting)</h2><p>תהליך קביעת הזמן ההתחלתי או הזמן הרצוי לטיימר.</p><h2>10. ספירה (Counting)</h2><p>הליך של מדידת מספר אירועים שהתבצעו, על ידי המונה.</p><h2>11. חיבור (Connection)</h2><p>הקישור בין טיימר או מונה למערכת או מכשירים אחרים לצורך פעילות משותפת.</p><h2>12. חיישן (Sensor)</h2><p>מכשיר שמגלה שינויים בסביבה ומספק מידע לטיימר או המונה.</p><h2>13. אות (Signal)</h2><p>סוג של נתון שמועבר בין רכיבים, יכול לשמש ככניסה או יציאה.</p><h2>14. מהירות (Speed)</h2><p>קצב בזמן או תהליך, כמו מהירות ספירה של המונה או טיימר.</p><h2>15. תכנות (Programming)</h2><p>כתיבת קוד או הגדרות לטיימר או המונה על מנת לבצע פעולות מסוימות.</p><h2>16. לולאה (Loop)</h2><p>תהליך המתרחש שוב ושוב, שימושי בחישובים עם טיימרים ומונים.</p><h2>17. משך (Duration)</h2><p>הזמן הכולל שפעולה או תהליך נמשך.</p><h2>18. תצורה (Configuration)</h2><p>הגדרות המערכת או המכשירים, כולל טיימרים ומונים.</p><h2>19. דיוק (Accuracy)</h2><p>מידת הדיוק שבה המכשירים מודדים ומבצעים חישובים.</p><h2>20. טווח (Range)</h2><p>היקף המדידה האפשרי של טיימר או מונה, כמו טווח הזמן או מספר האירועים.</p><h2>21. בדיקה (Test)</h2><p>תהליך של אימות ותיקון של טיימר או מונה כדי לוודא שהם פועלים כראוי.</p><h2>22. חיבור קלט (Input Connection)</h2><p>מקור הנתונים שנכנסים לטיימר או מונה לצורך מדידה.</p><h2>23. חיבור פלט (Output Connection)</h2><p>הפלט של התוצאות מהטיימר או המונה שמהם ניתן לשלוף נתונים.</p><h2>24. תקשורת (Communication)</h2><p>החלפת מידע בין טיימרים, מונים ומערכות אחרות.</p><h2>25. אוטומציה (Automation)</h2><p>שימוש בטכנולוגיה כדי לבצע פעולות תוך שימוש בטיימרים ומונים בשיטות אוטומטיות.</p><p>עם הכרת המונחים שצוינו למעלה, הסטודנטים יוכלו להבין טוב יותר את תפקודו של טיימר או מונה וליישם את הידע שלהם בתחום הבקרה והמדידה.</p>""}","6952641336c5c2e498d3d671","2025-12-29T11:20:51.005000","2025-12-31T16:49:46.388000","693824c5c1ad33c1f114ebd3","false"
"69391901350762829f9a50b1","69525c47b39f04b627f82cd3","[""69525c47b39f04b627f82cd3""]","69525c4befb4dd9bccb4c644","מצגת Structured Text - מעבר מ-Ladder","מצגת השוואתית המראה את אותה לוגיקה ב-Ladder וב-ST ומסבירה מתי להשתמש בכל שפה","https://example.com/structured-text-intro.pptx","","A split-screen comparison showing the same logic in Ladder and Structured Text side by side, professional technical presentation, clean layout","","בשקף זה נציג את הרקע למעבר משפת Ladder ל-Structured Text. נבהיר מה הם יתרונותיו של כל אחד מהשפות ומדוע חשוב להבין את המעבר.

נראה דוגמה למבנה של קוד בשפת Ladder Logic, ונסביר את סמלי הבסיס ואיך הם עובדים יחד כדי לבצע לוגיקה פשוטה.

נציג את הבסיס של Structured Text, נתניהו על תחבירו, ונפרט על השימוש בלולאות ופקודות לביצוע לוגיקה, תוך לידיות למונחים בשפת Ladder.

נראה דוגמה של קוד בשפת Ladder והגרסה המקבילה שלה ב-Structured Text. נדון בהבדלים, יתרונות וחסרונות של כל שיטה כדי להבהיר מתי להשתמש בכל אחת.

נסכם את הנושאים ונדון בפרמטרים שצריך לקחת בחשבון כאשר בוחרים בין Ladder Logic ל-Structured Text, כמו סוג הפרויקט והדרישות המקצועיות.","","presentation","Structured Text","6","{""slides"":[{""title"":""מבוא למעבר מ-Ladder ל-Structured Text"",""bullets"":[""מה זה Ladder Logic?"",""מה זה Structured Text?"",""חשיבות המעבר בין השפות""],""speaker_notes"":""בשקף זה נציג את הרקע למעבר משפת Ladder ל-Structured Text. נבהיר מה הם יתרונותיו של כל אחד מהשפות ומדוע חשוב להבין את המעבר.""},{""title"":""מבנה בסיסי של Ladder Logic"",""bullets"":[""סמלים בסיסיים בלדר"",""לוגיקה של מעגלים"",""תהליכים בסיסיים""],""speaker_notes"":""נראה דוגמה למבנה של קוד בשפת Ladder Logic, ונסביר את סמלי הבסיס ואיך הם עובדים יחד כדי לבצע לוגיקה פשוטה.""},{""title"":""מבנה בסיסי של Structured Text"",""bullets"":[""תחביר יסודי ב-ST"",""הבעת לוגיקה עם מבני נתונים"",""שימוש בלולאות ופקודות""],""speaker_notes"":""נציג את הבסיס של Structured Text, נתניהו על תחבירו, ונפרט על השימוש בלולאות ופקודות לביצוע לוגיקה, תוך לידיות למונחים בשפת Ladder.""},{""title"":""השוואת לוגיקה בין Ladder ל-ST"",""bullets"":[""דוגמת קוד ב-Ladder"",""אותה לוגיקה ב-ST"",""היתרונות והחסרונות של כל שיטה""],""speaker_notes"":""נראה דוגמה של קוד בשפת Ladder והגרסה המקבילה שלה ב-Structured Text. נדון בהבדלים, יתרונות וחסרונות של כל שיטה כדי להבהיר מתי להשתמש בכל אחת.""},{""title"":""מתי להשתמש בלדר ומתי ב-ST?"",""bullets"":[""פרמטרים לבחירת שפה"",""סוגי פרויקטים מתאימים"",""המלצות מקצועיות""],""speaker_notes"":""נסכם את הנושאים ונדון בפרמטרים שצריך לקחת בחשבון כאשר בוחרים בין Ladder Logic ל-Structured Text, כמו סוג הפרויקט והדרישות המקצועיות.""}]}","6952641336c5c2e498d3d672","2025-12-29T11:20:51.005000","2025-12-31T16:49:47.244000","693824c5c1ad33c1f114ebd3","false"
"69391901350762829f9a50b1","69525c47b39f04b627f82cd3","[""69525c47b39f04b627f82cd3""]","69525c4befb4dd9bccb4c644","מסמך ST - תחביר מלא ודוגמאות","מדריך מקיף לפקודות ST - IF FOR WHILE CASE ועוד","https://example.com/st-syntax-guide.pdf","","A programming language syntax guide showing Structured Text code examples with color syntax highlighting, professional code documentation","","מדריך זה הוא המקור המקיף ביותר לתחביר ST. כל פקודה מוסברת עם דוגמאות קוד מרובות, טיפים למניעת שגיאות נפוצות, והשוואה לשפות תכנות מוכרות כמו C ו-Pascal.","","document","Structured Text","6","{""html_content"":""<h1>מסמך ST - תחביר מלא ודוגמאות</h1><p>מסמך זה מציע מדריך מקיף להבנת פקודות השפה ST (Structured Text), אשר נפוצה בתחומים של אוטומציה ותכנות בקר. בשפה זו, אפשר להשתמש בפקודות כגון IF, FOR, WHILE ו-CASE כדי לבצע מגוון רחב של פעולות. במדריך זה נצעד יחד בצעדים להכרת התחביר של הפקודות השונות ונראה דוגמאות מעשיות לכל אחת מהן.</p><h2>1. פקודת IF</h2><p>פקודת IF משמשת לקבל החלטות על סמך תנאים. התחביר הבסיסי שלה הוא:</p><pre class=\""ql-syntax\"" spellcheck=\""false\"">IF תנאי THEN\n    &lt;רשימת פקודות&gt;\nEND_IF;\n</pre><p>דוגמה לשימוש:</p><pre class=\""ql-syntax\"" spellcheck=\""false\"">IF טמפרטורה &gt; 100 THEN\n    סט_מכונה := FALSE;\nEND_IF;\n</pre><h2>2. פקודת FOR</h2><p>פקודת FOR משמשת לחזרה על בלוק של פקודות מספר פעמים עם משתנה סיבוב. התחביר הבסיסי הוא:</p><pre class=\""ql-syntax\"" spellcheck=\""false\"">FOR משתנה = ערך_התחלה TO ערך_סוף DO\n    &lt;רשימת פקודות&gt;\nEND_FOR;\n</pre><p>דוגמה לשימוש:</p><pre class=\""ql-syntax\"" spellcheck=\""false\"">FOR i = 1 TO 10 DO\n    סכום := סכום + i;\nEND_FOR;\n</pre><h2>3. פקודת WHILE</h2><p>פקודת WHILE מאפשרת לחזור על בלוק של פקודות כל עוד התנאי מתקיים. התחביר הבסיסי הוא:</p><pre class=\""ql-syntax\"" spellcheck=\""false\"">WHILE תנאי DO\n    &lt;רשימת פקודות&gt;\nEND_WHILE;\n</pre><p>דוגמה לשימוש:</p><pre class=\""ql-syntax\"" spellcheck=\""false\"">WHILE ספירה &lt; 10 DO\n    ספירה := ספירה + 1;\nEND_WHILE;\n</pre><h2>4. פקודת CASE</h2><p>פקודת CASE משמשת לבחירות מרובות בהתאם לערך של משתנה. התחביר הבסיסי הוא:</p><pre class=\""ql-syntax\"" spellcheck=\""false\"">CASE משתנה OF\n    ערך_1:\n        &lt;רשימת פקודות&gt;\n    | ערך_2:\n        &lt;רשימת פקודות&gt;\n    | DEFAULT:\n        &lt;רשימת פקודות&gt;\nEND_CASE;\n</pre><p>דוגמה לשימוש:</p><pre class=\""ql-syntax\"" spellcheck=\""false\"">CASE מצב OF\n    1:\n        פעול_א_1;\n    | 2:\n        פעול_א_2;\n    | DEFAULT:\n        פעול_ברירת_מחדל;\nEND_CASE;\n</pre><h2>סיכום</h2><p>במדריך זה הסברנו על פקודות IF, FOR, WHILE ו-CASE בשפת ST. כל פקודה מאפשרת לבצע מגוון רחב של פעולות על סמך תנאים ולולאות, אשר מאפשרות לתכנן מערכת אוטומטית בצורה גמישה ויעילה. על מנת להתמקצע בשפה זו, יש לתרגל כתיבה וקריאה של קוד תוך שימוש בפקודות השונות.</p><p>בהצלחה בדרככם בעולם האוטומציה והפיתוח!</p>""}","6952641336c5c2e498d3d673","2025-12-29T11:20:51.005000","2025-12-31T16:49:48.130000","693824c5c1ad33c1f114ebd3","false"
"69391901350762829f9a50b1","69525c47b39f04b627f82cd3","[""69525c47b39f04b627f82cd3""]","69525c4befb4dd9bccb4c644","סרטון - חישוב PID ב-Structured Text","דוגמה מתקדמת של חישוב בקר PID באמצעות ST עם הסבר קוד שורה אחר שורה","https://youtube.com/watch?v=st-pid-calculation","","An instructor explaining PID control algorithm code in Structured Text on screen, technical educational video, professional setup","","בסרטון מתקדם זה נראה איך לממש בקר PID באמצעות ST. זו דוגמה מצוינת ליכולות השפה לחישובים מתמטיים מורכבים. הסרטון מתאים גם למי שכבר מכירים PID וגם למתחילים.","","video","Structured Text","6","{}","6952641336c5c2e498d3d674","2025-12-29T11:20:51.005000","2025-12-31T16:49:48.980000","693824c5c1ad33c1f114ebd3","false"
"69391901350762829f9a50b1","69525c47b39f04b627f82cd3","[""69525c47b39f04b627f82cd3""]","69525c4befb4dd9bccb4c644","קישור - ST Reference Manual של Siemens","הקישור המלא למדריך הרשמי של Siemens ל-Structured Text ב-TIA Portal","https://support.industry.siemens.com/cs/document/structured-text-manual","","The official Siemens documentation portal homepage showing technical manuals and guides, professional corporate design","","זהו המדריך הרשמי של Siemens, המקור האמין ביותר למידע על ST. המדריך כולל מאות דפים של תיעוד טכני, דוגמאות, ותקני IEC 61131-3. מומלץ לשמור בסימניות!","","link","Structured Text","6","{}","6952641336c5c2e498d3d675","2025-12-29T11:20:51.005000","2025-12-31T16:49:49.873000","693824c5c1ad33c1f114ebd3","false"
"69391901350762829f9a50b1","69525c47b39f04b627f82cd3","[""69525c47b39f04b627f82cd3""]","69525c4b0e87047863016c87","מצגת Modbus - פרוטוקול התקשורת","מצגת מקיפה על פרוטוקול Modbus - RTU TCP IP כתובות רגיסטרים ודוגמאות חיבור","","","An industrial network diagram showing Modbus communication between PLCs and devices, data packets flowing through ethernet cables, professional technical illustration","","במצגת זו נדון בפרוטוקול Modbus, שזהו פרוטוקול תקשורת נפוץ בתעשייה. נלמד על ההיסטוריה שלו ונדון באילו יישומים הוא נמצא בשימוש.

במצגת זו, נבחן את ההבדלים בין Modbus RTU ל-TCP/IP, נפרט על תכונותיהם ונצביע על היתרונות בשימוש בכל אחד מהם.

נדבר על רגיסטרים בפרוטוקול Modbus, המסבירים מה זה רגיסטר, הסוגים השונים ואיך נוכל להשתמש בהם לצורך תקשורת.

בשלב זה נציג דוגמאות מעשיות לחיבור מכשירים באמצעות Modbus, עם הדגמות על חיבור RTU וחיבור TCP/IP.

נסכם את הנושאים שנלמדו במצגת ופתחים את השיח בשאלות ותשובות על הנושא. נדחוף את הסטודנטים להעמיק את הידע שלהם בנושא Modbus.","","presentation","Modbus תקשורת","7","{""slides"":[{""title"":""מבוא לפרוטוקול Modbus"",""bullets"":[""מהו פרוטוקול Modbus?"",""היסטוריה של הפרוטוקול"",""יישומים נפוצים""],""speaker_notes"":""במצגת זו נדון בפרוטוקול Modbus, שזהו פרוטוקול תקשורת נפוץ בתעשייה. נלמד על ההיסטוריה שלו ונדון באילו יישומים הוא נמצא בשימוש.""},{""title"":""סוגי Modbus: RTU ו-TCP/IP"",""bullets"":[""הבדלים בין RTU ל-TCP/IP"",""תכונות ויתרונות של כל סוג"",""מתי להשתמש בכל אחד מהם""],""speaker_notes"":""במצגת זו, נבחן את ההבדלים בין Modbus RTU ל-TCP/IP, נפרט על תכונותיהם ונצביע על היתרונות בשימוש בכל אחד מהם.""},{""title"":""כתובות רגיסטרים ב-Modbus"",""bullets"":[""מהם רגיסטרים?"",""סוגי רגיסטרים ב-Modbus"",""איך להשתמש בכתובות רגיסטרים""],""speaker_notes"":""נדבר על רגיסטרים בפרוטוקול Modbus, המסבירים מה זה רגיסטר, הסוגים השונים ואיך נוכל להשתמש בהם לצורך תקשורת.""},{""title"":""דוגמאות לחיבור Modbus"",""bullets"":[""איך לחבר מכשירים באמצעות Modbus"",""הדגמה של חיבור RTU"",""הדגמה של חיבור TCP/IP""],""speaker_notes"":""בשלב זה נציג דוגמאות מעשיות לחיבור מכשירים באמצעות Modbus, עם הדגמות על חיבור RTU וחיבור TCP/IP.""},{""title"":""סיכום ושאלות"",""bullets"":[""סיכום הנלמד במצגת"",""שאלות ותשובות"",""המשך למידה על Modbus""],""speaker_notes"":""נסכם את הנושאים שנלמדו במצגת ופתחים את השיח בשאלות ותשובות על הנושא. נדחוף את הסטודנטים להעמיק את הידע שלהם בנושא Modbus.""}]}","6952641336c5c2e498d3d676","2025-12-29T11:20:51.005000","2025-12-31T16:49:50.749000","693824c5c1ad33c1f114ebd3","false"
"69391901350762829f9a50b1","69525c47b39f04b627f82cd3","[""69525c47b39f04b627f82cd3""]","69525c4b0e87047863016c87","מסמך Modbus - מדריך הגדרה מהיר","מדריך צעד-אחר-צעד  להגדרת Modbus ב-TIA Portal ","","","A step-by-step configuration guide showing TIA Portal software screenshots with Modbus settings, professional tutorial documentation style","","מדריך זה מלווה אתכם צעד אחר צעד בהגדרת Modbus. כל שלב מתועד עם צילומי מסך ברורים, הסברים מפורטים, ופתרונות לבעיות נפוצות. תוך 30 דקות תהיה לכם תקשורת עובדת!","","document","Modbus תקשורת","7","{""html_content"":""<h1>מסמך Modbus - מדריך הגדרה מהיר</h1><p>ברוך הבא למדריך המהיר להגדרות Modbus ב-TIA Portal! במדריך זה, נלמד כיצד להקים ולהגדיר תקשורת Modbus בצורה פשוטה ומהירה.</p><h2>מה זה Modbus?</h2><p>Modbus היא פרוטוקול תקשורת שפותח עבור מכשירים תעשייתיים, המאפשר החלפת מידע בין מכשירים שונים ברשת. הוא פועל על פני טכנולוגיות תקשורת שונות כמו RS-232, RS-485, או Ethernet.</p><h2>מטרת המדריך</h2><p>מדריך זה מיועד לסטודנטים ולעוסקים בתחום האוטומציה בתעשייה. אנו נלמד כיצד להגדיר את פרוטוקול Modbus ב-TIA Portal כדי לתקשר בצורה מוצלחת בין PLC למכשירים חיצוניים.</p><h2>דרישות מקדימות</h2><ul><li>מחשב עם TIA Portal מותקן.</li><li>PLC תומך Modbus.</li><li>מכשיר חיצוני התומך בפרוטוקול Modbus.</li><li>חיבור תקין של מערכת התקשורת.</li></ul><h2>שלב 1: יצירת פרויקטי TIA Portal</h2><p>כדי להתחיל, פתח את TIA Portal ולחץ על <strong>חדש</strong> ליצירת פרויקט חדש:</p><ol><li>בחר את סוג ה-PLC שלך.</li><li>הגדר את מאפייני הפרויקט כמו שם, מיקום וכדומה.</li></ol><h2>שלב 2: הוספת מכשירים</h2><p>כעת, נוסיף את המכשירים שלנו לפרויקט:</p><ol><li><strong>לחץ על הוספת מכשירים:</strong> הוסף את ה-PLC שלך.</li><li><strong>לחתוך את המכשיר:</strong> לחץ על המכשיר הוסיף והגדר את פרטי החיבור שלו.</li><li><strong>הוסף מכשירים מודבוסים:</strong> באותו אופן, חפש והוסף את המכשירים החיצוניים התומכים בפרוטוקול Modbus.</li></ol><h2>שלב 3: הגדרת חיבור Modbus</h2><p>כעת הגיע הזמן להגדיר את חיבור Modbus:</p><ol><li><strong>בחר את ה-PLC שלך:</strong> גש להגדרות התקשורת.</li><li><strong>בחר ב-Modbus:</strong> בחר את סוג הפרוטוקול (RS-485 או Ethernet).</li><li><strong>הגדרת כתובת:</strong> הקצה כתובת ייחודית לכל מכשיר ברשת Modbus.</li></ol><h2>שלב 4: כתיבת תוכנית לתקשורת</h2><p>אחרי שהגדרנו את התקשורת, הגיע הזמן לכתוב את התוכנית שתנהל את התקשורת בין ה-PLC למכשירים:</p><ol><li><strong>הכנסת פקודות Modbus:</strong> הוסף פקודות כמו קריאה וכתיבה של נתונים.</li><li><strong>הגדרת משתנים:</strong> צרו משתנים שיאחסנו את הנתונים המתקבלים.</li><li><strong>בדיקות:</strong> ערוך בדיקות כדי לוודא שהתקשורת מתבצעת כראוי.</li></ol><h2>שלב 5: בדיקה ותחזוקה</h2><p>כדי לוודא שהכל פועל כראוי, בצע את הצעדים הבאים:</p><ul><li>הפעל את המערכת ובדוק שהמכשירים מתקשרים כצפוי.</li><li>נעל את המערכת והתבונן בלוגים כדי לבדוק שגיאות.</li><li>תחזוקה שוטפת: בדוק את חיבורי התקשורת באופן קבוע.</li></ul><h2>סיכום</h2><p>הגדרת תקשורת Modbus ב-TIA Portal היא תהליך פשוט יחסית כאשר עוקבים אחר השלבים המתוארים לעיל. אנו מקווים שמדריך זה עזר לך להבין את היסודות של הגדרת Modbus. כעת, תוכל להתחיל לעבוד עם תקשורת חכמה במערכות אוטומטיות שלך!</p><h2>מקורות נוספים</h2><ul><li><a href=\""https://modbus.org/\"" rel=\""noopener noreferrer\"" target=\""_blank\"">אתר Modbus הרשמי</a></li><li><a href=\""https://support.industry.siemens.com/cs/\"" rel=\""noopener noreferrer\"" target=\""_blank\"">תמיכה של Siemens</a></li><li><a href=\""https://www.tia-portal.com/\"" rel=\""noopener noreferrer\"" target=\""_blank\"">מידע נוסף על TIA Portal</a></li></ul>""}","6952641336c5c2e498d3d677","2025-12-29T11:20:51.005000","2025-12-31T16:49:52.129000","693824c5c1ad33c1f114ebd3","false"
"69391901350762829f9a50b1","69525c47b39f04b627f82cd3","[""69525c47b39f04b627f82cd3""]","69525c4b0e87047863016c87","לקסיקון Modbus","מונחון טכני עם 40 מונחים - Holding Register Input Register Function Code CRC ועוד","https://example.com/modbus-lexicon.json","","A technical glossary showing Modbus terminology with register addresses and function codes, clean industrial design with icons","","מונחון חיוני להבנת עולם Modbus. מה זה Holding Register? מה ההבדל בינו ל-Input Register? מהו Function Code 03? כל התשובות כאן, בעברית פשוטה ונגישה.","","other","Modbus תקשורת","7","{}","6952641336c5c2e498d3d678","2025-12-29T11:20:51.005000","2025-12-31T16:49:53.359000","693824c5c1ad33c1f114ebd3","false"
"69391901350762829f9a50b1","69525c47b39f04b627f82cd3","[""69525c47b39f04b627f82cd3""]","","סרטון - Modbus Master/Slave בסימולציה","הדגמה מלאה של תקשורת Modbus בין שני PLC מדומים כולל Troubleshooting בזמן אמת","https://youtube.com/watch?v=modbus-master-slave-demo","","A screen recording showing two PLCs communicating via Modbus protocol with data transfer visualization, technical demonstration video","","בסרטון זה נראה תקשורת Modbus בפעולה! נהגדיר Master ו-Slave, נראה את הנתונים עוברים, ונפתור תקלה חיה. זו ההזדמנות לראות איך זה באמת עובד לפני שאתם מתחילים לתכנת.","","video","Modbus תקשורת","7","{}","6952641336c5c2e498d3d679","2025-12-29T11:20:51.005000","2025-12-31T16:49:54.684000","693824c5c1ad33c1f114ebd3","false"
"69391901350762829f9a50b1","69525c47b39f04b627f82cd3","[""69525c47b39f04b627f82cd3""]","","קישור - Modbus Protocol Specification","הקישור לתקן הרשמי של פרוטוקול Modbus מארגון Modbus","https://modbus.org/docs/Modbus_Application_Protocol_V1_1b3.pdf","","The official Modbus organization documentation page showing protocol specifications and technical standards, professional standards body design","","זהו התקן הרשמי של Modbus - המסמך האותנטי ביותר. מכיל את כל פרטי הפרוטוקול, Function Codes, וטבלאות כתובות. תיעוד טכני מקצועי ברמה בינלאומית.","","link","Modbus תקשורת","7","{}","6952641336c5c2e498d3d67a","2025-12-29T11:20:51.005000","2025-12-31T16:49:55.588000","693824c5c1ad33c1f114ebd3","false"
"69391901350762829f9a50b1","69525c47b39f04b627f82cd3","[""69525c47b39f04b627f82cd3""]","69525c4c564772ca5737fe60","מצגת HMI Design Principles","מצגת על עקרונות עיצוב ממשקי HMI - UX UI צבעים פונטים וחוויית משתמש תעשייתית","","","Professional industrial HMI screens showing good vs bad design examples, modern control room interfaces, clean UI/UX principles","","במצגת זו נדבר על עקרונות עיצוב ממשקי HMI, נבין מה זה HMI והחשיבות שלו בעולמות התעשייה והטכנולוגיה.

נעבור על עקרונות עיצוב ה-UX, מה זה שימושיות ולמה זה כל כך חשוב כאשר מדברים על ממשקים תעשייתיים.

נדבר על איך לארגן את המידע בממשק בצורה אופטימלית, כולל השפעת העיצוב על חוויית המשתמש.

נציג את השפעת הצבעים על תחושת המשתמש, כיצד לבחור פלטת צבעים מתאימה לאפליקציות תעשייתיות.

נדון בחשיבות הפונטים בעיצוב HMI, מה לבדוק בבחירת פונטים ומה ההתאמה של הפונטים לשאר העיצוב.","","presentation","HMI עיצוב","8","{""slides"":[{""title"":""מבוא לעיצוב ממשקי HMI"",""bullets"":[""הגדרה של HMI"",""חשיבות עיצוב ממשקים"",""הקשרים בין HMI ל-UX/UI""],""speaker_notes"":""במצגת זו נדבר על עקרונות עיצוב ממשקי HMI, נבין מה זה HMI והחשיבות שלו בעולמות התעשייה והטכנולוגיה.""},{""title"":""עקרונות עיצוב ה-UX"",""bullets"":[""שימושיות"",""גישה למידע"",""קונספט עיצוב תכליתי""],""speaker_notes"":""נעבור על עקרונות עיצוב ה-UX, מה זה שימושיות ולמה זה כל כך חשוב כאשר מדברים על ממשקים תעשייתיים.""},{""title"":""עקרונות עיצוב ה-UI"",""bullets"":[""קווים וצורות"",""סמלים ואייקונים"",""סדר בתצוגה""],""speaker_notes"":""נדבר על איך לארגן את המידע בממשק בצורה אופטימלית, כולל השפעת העיצוב על חוויית המשתמש.""},{""title"":""שימוש בצבעים בפלטפורמות HMI"",""bullets"":[""פסיכולוגיה של צבעים"",""קונטרסט וקריאות"",""בחירת פלטת צבעים מתאימה""],""speaker_notes"":""נציג את השפעת הצבעים על תחושת המשתמש, כיצד לבחור פלטת צבעים מתאימה לאפליקציות תעשייתיות.""},{""title"":""בחירת פונטים ועיצוב טקסט"",""bullets"":[""סוגי פונטים מומלצים"",""קריאות הטקסט"",""התאמה לעיצוב הכללי""],""speaker_notes"":""נדון בחשיבות הפונטים בעיצוב HMI, מה לבדוק בבחירת פונטים ומה ההתאמה של הפונטים לשאר העיצוב.""}]}","6952641336c5c2e498d3d67b","2025-12-29T11:20:51.005000","2025-12-31T16:49:56.549000","693824c5c1ad33c1f114ebd3","false"
"69391901350762829f9a50b1","69525c47b39f04b627f82cd3","[""69525c47b39f04b627f82cd3""]","","מסמך HMI - מדריך סטנדרטים","מדריך בן 18 עמודים לסטנדרטים תעשייתיים של HMI לפי ISA-101 כולל חוקי צבעים וסמלים","https://example.com/hmi-standards-guide.pdf","","An industrial standards document showing ISA-101 HMI color codes and symbol guidelines, professional technical specification style","","מדריך זה מבוסס על תקן ISA-101 הבינלאומי לעיצוב HMI. למדו אילו צבעים מותרים לאזעקות, איך לעצב כפתורי חירום, ומה הסמלים הסטנדרטיים. עיצוב שעומד בתקן = עיצוב בטוח!","","document","HMI עיצוב","8","{}","6952641336c5c2e498d3d67c","2025-12-29T11:20:51.005000","2025-12-31T16:49:57.501000","693824c5c1ad33c1f114ebd3","false"
"69391901350762829f9a50b1","69525c47b39f04b627f82cd3","[""69525c47b39f04b627f82cd3""]","","סרטון - בניית HMI ב-TIA Portal","הדרכת וידאו מלאה של 25 דקות לבניית HMI פונקציונלי מאפס כולל חיבור ל-PLC","https://youtube.com/watch?v=tia-portal-hmi-tutorial","","A screen recording of TIA Portal WinCC showing HMI development process - creating screens, adding buttons, connecting tags","","בסרטון מקיף זה נבנה HMI מלא מאפס. נתחיל מיצירת פרויקט, נוסיף מסכים, נעצב אלמנטים, ונחבר את הכל ל-PLC. בסוף תהיה לכם מערכת עובדת שתוכלו להשתמש בה כבסיס לתרגיל!","","video","HMI עיצוב","8","{}","6952641336c5c2e498d3d67d","2025-12-29T11:20:51.005000","2025-12-31T16:49:58.418000","693824c5c1ad33c1f114ebd3","false"
"69391901350762829f9a50b1","69525c47b39f04b627f82cd3","[""69525c47b39f04b627f82cd3""]","69525c4c564772ca5737fe60","לקסיקון HMI","מונחון עם 35 מונחים מעולם ממשקי תעשייתיים - SCADA Tag Alarm Trending Faceplates","","","A glossary interface showing HMI technical terms with visual icons - screens, buttons, alarms, trends, modern industrial UI","","מונחון זה חיוני להבנת עולם ה-HMI. מה זה Tag? מה ההבדל בין HMI ל-SCADA? מהו Faceplate? כל המונחים המקצועיים בעברית, עם דוגמאות מעשיות.","","document","HMI עיצוב","8","{""html_content"":""<h1>לקסיקון HMI</h1><p>לקסיקון זה כולל 35 מונחים מעולם ממשקי המשתמש התעשייתיים, עם דגש על SCADA, תגי אלרם, טנדים ופני מסך. המונחים יעזרו לסטודנטים להבין את היסודות של ממשקי HMI וכיצד הם משמשים בתעשייה.</p><h2>מהו HMI?</h2><p>HMI (ממשק אדם-מכונה) מתייחס לממשק שבו בני אדם מתקשרים עם מכונות, ציוד או מערכות. המטרה של HMI היא לאפשר קלט ופלט בצורה נוחה למשתמש, בדרך כלל באמצעות מסך מגע, כפתורים ולחצנים.</p><h2>מונחים מרכזיים</h2><ul><li><strong>SCADA:</strong> מערכת לניהול ושליטה של תהליכים תעשייתיים. SCADA משתמשת בממשקי HMI כדי להציג נתונים בזמן אמת.</li><li><strong>אלרם (Alarm):</strong> התרעה על בעיה או מצב חריג במערכת. האזעקות עוזרות למפעילים להגיב במהרה לבעיות.</li><li><strong>Tag:</strong> תווית או מזהה שניתן לנקודות נתונים בתוך מערכת SCADA כדי לזהות משתנים או פרמטרים.</li><li><strong>Trending:</strong> יכולת לעקוב אחרי שינויים בנתונים לאורך זמן. מאפשרת למשתמשים לראות דפוסים ורצפים של נתונים.</li><li><strong>Faceplate:</strong> ממשק גרפי שמציג מידע על מכונה או רכיב מסוימים בצורה ברורה ובסטנדרט אחיד.</li></ul><h2>פירוט מונחים</h2><h3>1. SCADA</h3><p>Synchronous Control and Data Acquisition (SCADA) היא מערכת המשמשת לשליטה, ניהול ואוספת נתונים ממערכות תעשייתיות כמו מפעלים, תחנות כוח ומתודולוגיות אחרות.</p><h3>2. אלרם (Alarm)</h3><p>אלרמס מזוהים כמצבים אשר מצריכים התייחסות מיידית של המפעילים, לדוגמה כשיש הפסקה במערכת או שינויים חדים בנתונים.</p><h3>3. Tag</h3><p>תגים הם מפתחות או מזהים שנשמרים במערכת ומאפשרים גישה מידע בצורה מותאמת. לדוגמה, Tag יכול לייצג טמפרטורה או לחץ במערכת.</p><h3>4. Trending</h3><p>בשימוש של טנדים במערכות HMI, אנשים יכולים לעקוב אחרי שינויים בהתנהגות המערכת, להבין בעיות פוטנציאליות ולקבל החלטות התערבותות.</p><h3>5. Faceplate</h3><p>פני המסך מספקים תצוגה גרפית של הסטטוס של מכונה או מערכת באופן אינטואיטיבי. הם יכולים לכלול חצים, מדדים, וכפתורים לפונקציות עיקריות.</p><h2>סיכום</h2><p>לקסיקון HMI מספק הבנה בסיסית על המונחים החשובים במסגרת מערכות SCADA, אלרמים, טנדים ופני המסך. הגישה למידע זה חיונית לסטודנטים בתחום ההנדסה התעשייתית, כגון הנדסת מכונות, חשמל, ותהליכים.</p><p>למידה על מונחים אלו יכולה לשפר את הכישורים וההבנה של סטודנטים בתעשייה התעשייתית המודרנית.</p>""}","6952641336c5c2e498d3d67e","2025-12-29T11:20:51.005000","2025-12-31T16:49:59.369000","693824c5c1ad33c1f114ebd3","false"
"69391901350762829f9a50b1","69525c47b39f04b627f82cd3","[""69525c47b39f04b627f82cd3""]","69525c4cfcc4ee36ed0cc23a","מצגת PID Control - התיאוריה והמעשה","מצגת מקיפה על בקרת PID - פרופורציונלי אינטגרלי נגזר כיול ודוגמאות תעשייתיות","https://example.com/pid-control-theory.pptx","","A technical presentation showing PID control theory with graphs of P I D responses, control loops, and tuning curves, professional engineering style","","במצגת זו נדון בבקרת PID, שהיא גישה פופולרית ויעילה לתכנון מערכות בקרה. נתחיל בהסבר על המרכיבים המרכזיים שמרכיבים את הבקרה, ולמה הם חשובים.

נפרט על שלושת המרכיבים: הפרופורציונלי מגיב לשגיאה כך שככל שהשגיאה גדולה יותר, הפלט גדול יותר; האינטגרלי מתקן את השגיאה המצטברת בזמן, בעוד שהנגזרת מספקת תגובה על קצב השינוי.

נסביר כיצד לכייל את פרמטרי הבקרה: מהו התהליך של קביעת ערכים עבור Kp, Ki, ו-Kd, ואילו ניסויים צריכים לערוך על מנת להבין את התגובה של המערכת.

נציג מספר דוגמאות מעשיות של בקרת PID בתעשייה, כמו בקרה על טמפרטורה במערכות תרמוסטט, ובקרת מנועים, שמדגימות את היישומים השונים וההצלחה של השיטה.

נסכם את הנושאים שנדונו במצגת ונדגיש את החשיבות של בקרת PID במערכות מודרניות. בתום המצגת, נזמין את הקהל לשאלות.","","presentation","PID בקרה","10","{""slides"":[{""title"":""מבוא לבקרת PID"",""bullets"":[""מה זו בקרת PID?"",""מרכיבי הבקרה: פרופורציונלי, אינטגרלי ונגזר"",""חשיבות השיטה בתעשייה""],""speaker_notes"":""במצגת זו נדון בבקרת PID, שהיא גישה פופולרית ויעילה לתכנון מערכות בקרה. נתחיל בהסבר על המרכיבים המרכזיים שמרכיבים את הבקרה, ולמה הם חשובים.""},{""title"":""המרכיבים של בקרה PID"",""bullets"":[""בקרה פרופורציונלית (P)"",""בקרה אינטגרלית (I)"",""בקרה נגזרת (D)"",""פונקציות כל אחת מהן""],""speaker_notes"":""נפרט על שלושת המרכיבים: הפרופורציונלי מגיב לשגיאה כך שככל שהשגיאה גדולה יותר, הפלט גדול יותר; האינטגרלי מתקן את השגיאה המצטברת בזמן, בעוד שהנגזרת מספקת תגובה על קצב השינוי.""},{""title"":""כיצד לכייל בקרת PID"",""bullets"":[""שלב 1: קביעת פרמטרים בסיסיים"",""שלב 2: פיתוח ניסוי תגובה"",""שלב 3: שימוש בטכניקות כוונון"",""פרמטרים: Kp, Ki, Kd""],""speaker_notes"":""נסביר כיצד לכייל את פרמטרי הבקרה: מהו התהליך של קביעת ערכים עבור Kp, Ki, ו-Kd, ואילו ניסויים צריכים לערוך על מנת להבין את התגובה של המערכת.""},{""title"":""יישומים תעשייתיים של בקרת PID"",""bullets"":[""שימושים במערכות תרמוסטט"",""פיקוד מערכות אוטומטיות"",""בקרת מנועים והשפעתה"",""דוגמאות מחיי היום יום""],""speaker_notes"":""נציג מספר דוגמאות מעשיות של בקרת PID בתעשייה, כמו בקרה על טמפרטורה במערכות תרמוסטט, ובקרת מנועים, שמדגימות את היישומים השונים וההצלחה של השיטה.""},{""title"":""סיכום ושאלות"",""bullets"":[""סיכום הנושאים המרכזיים"",""חשיבות בקרת PID בתעשייה"",""שאלות מהקהל""],""speaker_notes"":""נסכם את הנושאים שנדונו במצגת ונדגיש את החשיבות של בקרת PID במערכות מודרניות. בתום המצגת, נזמין את הקהל לשאלות.""}]}","6952641336c5c2e498d3d67f","2025-12-29T11:20:51.005000","2025-12-31T16:50:00.261000","693824c5c1ad33c1f114ebd3","false"
"69391901350762829f9a50b1","69525c47b39f04b627f82cd3","[""69525c47b39f04b627f82cd3""]","","מסמך PID - שיטות כיול מעשיות","מדריך טכני בן 22 עמודים לשיטות כיול PID - Ziegler-Nichols Cohen-Coon ו-Trial and Error","https://example.com/pid-tuning-methods.pdf","","A technical manual showing PID tuning methods with step response graphs and calculation tables, professional control engineering documentation","","מדריך זה מלמד אתכם איך לכוון בקר PID בפועל. שלוש שיטות מוכחות, כל אחת עם הוראות צעד-אחר-צעד, דוגמאות חישוב, וטבלאות עזר. המדריך המקיף ביותר לכיול PID בעברית!","","document","PID בקרה","10","{}","6952641336c5c2e498d3d680","2025-12-29T11:20:51.005000","2025-12-31T16:50:01.121000","693824c5c1ad33c1f114ebd3","false"
"69391901350762829f9a50b1","69525c47b39f04b627f82cd3","[""69525c47b39f04b627f82cd3""]","","סרטון - PID לבקרת טמפרטורה","הדגמה חיה של בקרת טמפרטורה עם PID - מהגדרה ועד כיול מושלם","https://youtube.com/watch?v=pid-temperature-control","","A simulation showing PID temperature control with real-time graphs - setpoint tracking, overshoot reduction, steady-state error elimination","","בסרטון מרתק זה נראה PID בפעולה! נשלוט בטמפרטורה של תנור, נכוון את הפרמטרים בזמן אמת, ונראה איך המערכת מגיבה. זו הדרך הטובה ביותר להבין PID - לראות אותו עובד!","","video","PID בקרה","10","{}","6952641336c5c2e498d3d681","2025-12-29T11:20:51.005000","2025-12-31T16:50:02.045000","693824c5c1ad33c1f114ebd3","false"
"69391901350762829f9a50b1","69525c47b39f04b627f82cd3","[""69525c47b39f04b627f82cd3""]","69525c4cfcc4ee36ed0cc23a","קישור - PID Simulator אינטראקטיבי","קישור לסימולטור אונליין חינמי של בקר PID עם גרפים בזמן אמת","https://ladderlogicai.com/pages/PIDSimulator/","","An interactive web-based PID simulator interface showing control parameters sliders and real-time response graphs, modern web app design","","סימולטור אינטראקטיבי נהדר! שחקו עם Kp, Ki, Kd וראו את ההשפעה מיידית על הגרף. הדרך הטובה ביותר ללמוד PID היא לנסות בעצמכם - וכאן אתם יכולים, בחינם ובלי הגבלה!","","link","PID בקרה","10","{}","6952641336c5c2e498d3d682","2025-12-29T11:20:51.005000","2025-12-31T16:50:02.919000","693824c5c1ad33c1f114ebd3","false"
"69391901350762829f9a50b1","69525c47b39f04b627f82cd3","[""69525c47b39f04b627f82cd3""]","69525c4ca1da2535be3c1e4f","מצגת System Design - מהרעיון למציאות","מצגת על תהליך תכנון מערכת בקרה מלאה - דרישות ארכיטקטורה תכנון ויישום","","","A professional flowchart showing the system design process from requirements to implementation, engineering workflow diagram, clean modern style","","נציג את המושג של תכנון מערכת בקרה מלאה, נדבר על החשיבות של תכנון נכון ואילו תהליכים מהותיים קיימים למימוש.

נפרט על שלב איסוף הדרישות, נבחן מה נדרש מהמערכת מבחינה פונקציונלית ולא פונקציונלית, ונגע בהבנה של המשתמשים.

ניגע בתכנון הארכיטקטורה, נדבר על איך לבחור את הטכנולוגיות המתאימות, וכיצד לבנות מודלים ותרשימים למימוש.

נעסוק בתהליכי הפיתוח, כיצד להשתמש בשיטות כמו agile, ניגע בבעיות שיכולות להתעורר במהלך הפיתוח ופתרונן.

נסכם את כל השלבים שביצענו וניתן המלצות לדורות הבאים, לסיום נציע שאילת שאלות.","","presentation","תכנון מערכת","11","{""slides"":[{""title"":""מבוא לתכנון מערכת בקרה"",""bullets"":[""מה זה תכנון מערכת בקרה?"",""חשיבות תכנון נכון"",""תהליכים עיקריים בתכנון""],""speaker_notes"":""נציג את המושג של תכנון מערכת בקרה מלאה, נדבר על החשיבות של תכנון נכון ואילו תהליכים מהותיים קיימים למימוש.""},{""title"":""שלב 1: איסוף דרישות"",""bullets"":[""דרישות פונקציונליות"",""דרישות לא פונקציונליות"",""הבנת הצרכים של המשתמש""],""speaker_notes"":""נפרט על שלב איסוף הדרישות, נבחן מה נדרש מהמערכת מבחינה פונקציונלית ולא פונקציונלית, ונגע בהבנה של המשתמשים.""},{""title"":""שלב 2: ארכיטקטורת המערכת"",""bullets"":[""תכנון הארכיטקטורה הכללית"",""בחירת טכנולוגיות"",""בנית מודלים ותרשימים""],""speaker_notes"":""ניגע בתכנון הארכיטקטורה, נדבר על איך לבחור את הטכנולוגיות המתאימות, וכיצד לבנות מודלים ותרשימים למימוש.""},{""title"":""שלב 3: תהליך הפיתוח"",""bullets"":[""שיטות פיתוח agile"",""בדיקות ושיפוט איכות"",""אלגוריתמים ותהליכים""],""speaker_notes"":""נעסוק בתהליכי הפיתוח, כיצד להשתמש בשיטות כמו agile, ניגע בבעיות שיכולות להתעורר במהלך הפיתוח ופתרונן.""},{""title"":""סיכום והמלצות"",""bullets"":[""סיכום תהליך תכנון המערכת"",""המלצות לדורות הבאים"",""שאלות ותשובות""],""speaker_notes"":""נסכם את כל השלבים שביצענו וניתן המלצות לדורות הבאים, לסיום נציע שאילת שאלות.""}]}","6952641336c5c2e498d3d683","2025-12-29T11:20:51.005000","2025-12-31T16:50:04.462000","693824c5c1ad33c1f114ebd3","false"
"69391901350762829f9a50b1","69525c47b39f04b627f82cd3","[""69525c47b39f04b627f82cd3""]","69525c4ca1da2535be3c1e4f","מסמך System Design - תבניות ודוגמאות","מדריך עם תבניות מוכנות למפרט טכני רשימת IO תרשים חיווט ועוד","","","Professional engineering templates showing I/O lists, wiring diagrams, and functional specifications in editable format","","מדריך זה מכיל תבניות מוכנות לכל מסמך שתצטרכו: מפרט פונקציונלי, רשימת I/O, תרשים חיווט, הערכת סיכונים ועוד. פשוט מלאו את הפרטים והתיעוד שלכם מוכן!","","document","תכנון מערכת","11","{""html_content"":""<h1>מסמך System Design - תבניות ודוגמאות</h1><p>במדריך זה, נציג תבניות מוכנות למפרט טכני, רשימות IO, תרשימי חיווט ודוגמאות נוספות בתחום עיצוב המערכות. המטרה היא להנחות את הסטודנטים כיצד להשתמש בתבניות אלו כדי ליצור מסמכים מקצועיים ואחידים.</p><h2>מהו System Design?</h2><p>עיצוב מערכת הוא תהליך שבו מתכננים את המבנה, האדריכלות והפונקציות של מערכת נתונה. תהליך זה כולל:</p><ul><li>זיהוי דרישות מערכת</li><li>עיצוב רכיבי המערכת</li><li>הגדרת ממשקי משתמש</li><li>תכנון חיווט ורשתות</li><li>בדיקות ואימות המערכת</li></ul><h2>מפרט טכני</h2><p>המפרט הטכני הוא מסמך המפרט את הדרישות והתכונות של המערכת. הנה תבנית כיצד לכתוב מפרט טכני:</p><pre class=\""ql-syntax\"" spellcheck=\""false\"">כותרת המפרט:\n\n\n{שם המערכת}\n\n\nמבוא:\n\n\n{תיאור קצר של המערכת, מטרות ויעדים}\n\n\nדרישות פונקציונליות:\n\n\n{דרישה 1}\n{דרישה 2}\n{דרישה 3}\n\n\nדרישות לא פונקציונליות:\n\n\n{דרישה 1}\n{דרישה 2}\n\n\n</pre><h2>רשימות IO</h2><p>רשימות IO (Input/Output) מספקות מידע על סוגי הקלט והפלט של המערכת. התבנית הבסיסית היא:</p><pre class=\""ql-syntax\"" spellcheck=\""false\"">רשימת IO:\n\n\nקלט:\n{קלט 1 - תיאור}\n{קלט 2 - תיאור}\nפלט:\n{פלט 1 - תיאור}\n{פלט 2 - תיאור}\n\n\n</pre><h2>תרשימי חיווט</h2><p>תרשימי חיווט הם כלים חשובים להמחשת תנאי החיבור והחיווט במערכת. תרשים ניתן ליצור באמצעות כלים גרפיים מתקדמים, אך ניתן גם לייצר מתבנית פשוטה:</p><pre class=\""ql-syntax\"" spellcheck=\""false\"">תרשים חיווט:\n\n\n{שרטוט או תיאור תרשים החיווט עם רכיבים מחוברים}\n\n</pre><h2>דוגמאות נוספות</h2><p>להלן דוגמאות נוספות למסמכים בתחום עיצוב המערכות:</p><ul><li><strong>עיצוב מערכת נתונים:</strong> מסמך המפרט את מבנה הנתונים.</li><li><strong>תכנון בסיס נתונים:</strong> מסמך המפרט את טבלאות, שדות וקשורים בין טבלאות.</li><li><strong>ממשקי API:</strong> מסמך המפרט את הפונקציות והקריאות בממשק API.</li></ul><h2>סיכום</h2><p>עיצוב מערכת הוא תהליך מורכב, אך עם השימוש בתבניות מתאימות, ניתן להקל על יצירת המסמכים הנדרשים. תבניות המפרט הטכני, רשימות IO ותרשימי החיווט הן כלים חשובים בכל תהליך עיצוב מערכת, ומסייעים להבטיח שהמערכת תהיה מתוכננת כראוי.</p><p>כעת, הסטודנטים מוזמנים להשתמש בתבניות המוצגות כאן כדי לפתח את המערכות שלהם בצורה מקצועית ואחידה.</p>""}","6952641336c5c2e498d3d684","2025-12-29T11:20:51.005000","2025-12-31T16:50:05.429000","693824c5c1ad33c1f114ebd3","false"
"69391901350762829f9a50b1","69525c47b39f04b627f82cd3","[""69525c47b39f04b627f82cd3""]","69525c4ca1da2535be3c1e4f","סרטון - Case Study של מערכת מיון","הצגה מפורטת של פרויקט אמיתי - מערכת מיון חבילות מהתכנון ועד ההפעלה","https://youtu.be/tqs2cFwKbxg?si=E60gM3ws8jl5zJao","","A real industrial sorting system in operation with PLC control, showing the design process and implementation stages","","מקרה מבחן מרתק! נעקוב אחר פרויקט אמיתי של מערכת מיון מהיום הראשון ועד ההפעלה. נראה את האתגרים שעלו, איך פתרו אותם, ומה למדו מהתהליך. השראה אמיתית לפרויקט שלכם!","","video","תכנון מערכת","11","{}","6952641336c5c2e498d3d685","2025-12-29T11:20:51.005000","2025-12-31T16:50:06.337000","693824c5c1ad33c1f114ebd3","false"
"69391901350762829f9a50b1","69525c47b39f04b627f82cd3","[""69525c47b39f04b627f82cd3""]","","לקסיקון System Design","מונחון מלא של 45 מונחים בניהול סיכונים, אמינות, מחזור חיים וקומישנינג (עברית + אנגלית):

FMEA – Failure Modes and Effects Analysis
שיטה שיטתית לזיהוי מצבי כשל.
Risk Assessment – הערכת סיכונים.
FTA – Fault Tree Analysis
ניתוח עץ תקלות.
MTBF – Mean Time Between Failures
זמן ממוצע בין תקלות.
SIL – Safety Integrity Level
רמת שלמות בטיחותית.
HAZOP – Hazard and Operability Study
ניתוח סיכונים תפעוליים.
RCM – Reliability Centered Maintenance
תחזוקה ממוקדת אמינות.
MTTR – Mean Time To Repair
זמן ממוצע לתיקון.
RAM – Reliability, Availability, Maintainability
אמינות, זמינות, יכולת תחזוקה.
FMECA – Failure Modes, Effects and Criticality Analysis
ניתוח כשלים וביקורתיות.
Concept / Feasibility Study – מחקר היתכנות.
FEED – Front-End Engineering Design
תכן מוקדם.
Detailed Design – תכן מפורט.
Handover – מסירה / מעבר לתפעול.
FAT – Factory Acceptance Test
בדיקות קבלה במפעל.
SAT – Site Acceptance Test
בדיקות קבלה באתר.
Commissioning – הפעלה ראשונית.
IQ – Installation Qualification
אימות התקנה.
OQ – Operational Qualification
אימות תפעולי.
PQ – Performance Qualification
אימות ביצועים.
RBI – Risk Based Inspection
בדיקות מבוססות סיכון.
RCA – Root Cause Analysis
ניתוח שורשי כשל.
PFMEA – Process Failure Mode and Effects Analysis
ניתוח כשלים בתהליך.
DFMEA – Design Failure Mode and Effects Analysis
ניתוח כשלים בעיצוב.
MTTF – Mean Time To Failure
זמן ממוצע עד כשל.
Availability – זמינות.
Reliability – אמינות.
Maintainability – יכולת תחזוקה.
Risk Matrix – מטריצת סיכונים.
Risk Register – רישום סיכונים.
Contingency Plan – תוכנית מגירה.
Mitigation – צמצום סיכונים.
Residual Risk – סיכון שנותר.
Risk Appetite – תיאבון לסיכון.
Risk Tolerance – סף סיכון.
Pre-commissioning – בדיקות מקדימות להפעלה.
Mechanical Completion – השלמה מכנית.
Pre-commissioning – בדיקות לפני הפעלה.
Startup – הפעלה ראשונית.
LOTO – Lockout-Tagout
נעילה ותיוג (בטיחות).
Bowtie Analysis – ניתוח באמצעות קשת.
ALARP – As Low As Reasonably Practicable
כמה שפחות סביר מעשית.
RAMS – Reliability, Availability, Maintainability, Safety
אמינות, זמינות, תחזוקה, בטיחות.
HSE – Health, Safety, Environment
בריאות, בטיחות, סביבה.
EPC – Engineering, Procurement, Construction
תכן, רכש, ביצוע.","https://example.com/system-design-lexicon.json","","A professional glossary showing system engineering terms with icons and definitions, modern technical documentation style","","מונחון מקיף לתכנון מערכות. מה זה FMEA? מהו Commissioning? איך עושים Risk Assessment? כל המונחים המקצועיים שתצטרכו בפרויקט, בעברית ברורה.","","lexicon","תכנון מערכת","11","{}","6952641336c5c2e498d3d686","2025-12-29T11:20:51.005000","2025-12-31T16:50:07.220000","693824c5c1ad33c1f114ebd3","false"
"69391901350762829f9a50b1","69525c47b39f04b627f82cd3","[""69525c47b39f04b627f82cd3""]","69525c4c311008e482e145b1","מצגת Effective Presentations - עקרונות הצגה","מצגת על איך להציג פרויקט טכני בצורה משכנעת ומקצועית","https://example.com/presentation-skills.pptx","","A professional business presentation scene showing an engineer presenting technical content with confidence, modern conference room","","במצגת זו נדבר על עקרונות ההצגה הבסיסיים אשר יכולים לעזור לכם להציג פרויקטים טכניים בצורה משכנעת ומקצועית.

חשוב לארגן את התוכן שלכם בצורה לוגית וברורה, כך שהקהל יוכל לעקוב אחרי ההגיון של ההצגה.

עזרים חזותיים יכולים להשפיע מאוד על ההבנה וההתרשמות של הקהל. יש לבחור בעזרים ברורים ומסייעים.

הדיבור שלכם צריך להיות ברור, עם קצב מתאים ואינטונציה עוזרת. זכרו לשמור על קשר עין עם הקהל כדי ליצור תחושת חיבור.

בשלב הסיכום, חזרו על הנקודות המרכזיות והזמינו שאלות מהקהל, דבר שיכול להוביל לדיון מעניין.","","presentation","הצגה מקצועית","12","{""slides"":[{""title"":""מבוא להראות מקצועיות"",""bullets"":[""מהות הצגת פרויקט טכני"",""המטרות של המצגת"",""הקהל ומטרותיהם""],""speaker_notes"":""במצגת זו נדבר על עקרונות ההצגה הבסיסיים אשר יכולים לעזור לכם להציג פרויקטים טכניים בצורה משכנעת ומקצועית.""},{""title"":""ארגון התוכן"",""bullets"":[""סקירה קצרה של הנושא"",""הצגת בעיות ופתרונות"",""סיכום הממצאים""],""speaker_notes"":""חשוב לארגן את התוכן שלכם בצורה לוגית וברורה, כך שהקהל יוכל לעקוב אחרי ההגיון של ההצגה.""},{""title"":""שימוש בעזרים חזותיים"",""bullets"":[""בחירת שקפים מתאימים"",""שימוש באיורים וגרפים"",""חשיבות התאמה לקטגוריות תוכן""],""speaker_notes"":""עזרים חזותיים יכולים להשפיע מאוד על ההבנה וההתרשמות של הקהל. יש לבחור בעזרים ברורים ומסייעים.""},{""title"":""טכניקות דיבור והבהרה"",""bullets"":[""קצב דיבור מתאים"",""אינטונציה ושימוש בקול"",""מגע עין עם הקהל""],""speaker_notes"":""הדיבור שלכם צריך להיות ברור, עם קצב מתאים ואינטונציה עוזרת. זכרו לשמור על קשר עין עם הקהל כדי ליצור תחושת חיבור.""},{""title"":""סיכום ומשוב"",""bullets"":[""חיזוק הנקודות המרכזיות"",""חשיבות המשוב מהקהל"",""שאלות ותשובות""],""speaker_notes"":""בשלב הסיכום, חזרו על הנקודות המרכזיות והזמינו שאלות מהקהל, דבר שיכול להוביל לדיון מעניין.""}]}","6952641336c5c2e498d3d687","2025-12-29T11:20:51.005000","2025-12-31T16:50:08.119000","693824c5c1ad33c1f114ebd3","false"
"69391901350762829f9a50b1","69525c47b39f04b627f82cd3","[""69525c47b39f04b627f82cd3""]","69525c4c311008e482e145b1","מסמך Technical Writing - כתיבה טכנית","מדריך לכתיבת תיעוד טכני מקצועי
מבנה כללי

כותרת ומטא-נתונים: כותרת ברורה, גרסה, תאריך, מחבר.
תקציר/מבוא: סקירה קצרה של מטרה, קהל יעד, תוכן.
תוכן עניינים: רשימה היררכית של פרקים.
גוף ראשי: חלקים לפי נושאים (למשל: תיאור מערכת, הוראות, דוגמאות).
מסקנה/המלצות: סיכום, שיפורים עתידיים.
נספחים: נתונים נוספים, מילון מונחים, הפניות.

שפה

פשוטה ומדויקת: מילים קצרות, משפטים קצרים (עד 20 מילים).
פעיל: ""המערכת מבצעת X"" במקום ""X מבוצע על ידי המערכת"".
עקבית: שימוש במונחים אחידים; הגדר מונחים חדשים.
ניטרלית: ללא דעות אישיות; עובדות בלבד.

סגנון ברור ונגיש

היררכיה: כותרות (H1, H2), רשימות, טבלאות.
ויזואלי: דיאגרמות, צילומי מסך, קוד מדוגם.
נגישות: שפה פשוטה, הסברי מושגים, אלטרנטיבות טקסט לדימויים.
תמציתי: הסר מיותר; כל משפט תורם.
בדיקה: קרא בקול, בדוק שגיאות, התאם לקהל.","","","A professional technical document template showing proper structure, headings, tables, and diagrams layout, clean documentation style","","תיעוד טכני טוב הוא חלק בלתי נפרד מפרויקט מוצלח. מדריך זה מלמד אתכם איך לכתוב ברור, איך לבנות מסמך, ואיך להשתמש בטבלאות ותרשימים ביעילות.","","document","הצגה מקצועית","12","{}","6952641336c5c2e498d3d688","2025-12-29T11:20:51.005000","2025-12-31T16:50:09.123000","693824c5c1ad33c1f114ebd3","false"
"69391901350762829f9a50b1","69525c47b39f04b627f82cd3","[""69525c47b39f04b627f82cd3""]","69525c4c311008e482e145b1","סרטון - דוגמאות להצגות מצוינות","אוסף של 5 הצגות פרויקט מצוינות של סטודנטים משנים קודמות עם ניתוח מה עבד","https://youtube.com/watch?v=excellent-plc-presentations","","A compilation of excellent student project presentations showing various presentation styles and techniques, professional educational video","","למדו מהטובים ביותר! בסרטון זה נראה 5 הצגות מצוינות של סטודנטים מהשנים הקודמות. אנחנו מנתחים מה עבד, מה היה מצוין, ואיך אתם יכולים ליישם את זה בהצגה שלכם.","","video","הצגה מקצועית","12","{}","6952641336c5c2e498d3d689","2025-12-29T11:20:51.005000","2025-12-31T16:50:10.025000","693824c5c1ad33c1f114ebd3","false"
"69391901350762829f9a50b1","69525c47b39f04b627f82cd3","[""69525c47b39f04b627f82cd3""]","69525c4c311008e482e145b1","קישור - Templates למצגות טכניות","Slidesgo – Engineering & Technology templates
https://slidesgo.com/engineeringhttps://slidesgo.com/technology
Free-Power-Point-Templates – Engineering section
https://www.free-power-point-templates.com/category/ppt-by-topics/engineering/
SlideEgg – Engineering PowerPoint templates
https://www.slideegg.com/powerpoint/engineering-powerpoint-templates
SlidesCarnival – Tech & Engineering templates
https://www.slidescarnival.com/tag/engineering
PresentationGO – Technology & Tech templates
https://www.presentationgo.com/presentation/category/templates/technology/
SlideModel – Engineering templates
https://slidemodel.com/templates/tag/engineering/
Canva – Technology presentation templates
https://www.canva.com/presentations/templates/technology/

רובן חינמיות, ניתנות להתאמה אישית ומותאמות ל-PowerPoint / Google Slides.","https://slidesgo.com/technology?referrer=grok.com","","A gallery of professional PowerPoint templates for technical presentations, clean modern design with engineering themes","","תבניות מצגת מקצועיות לפרויקט שלכם! תבחרו עיצוב שאתם אוהבים, מלאו את התוכן, וקבלו מצגת שנראית כמו של חברה גדולה. ראשית רושמת!","","link","הצגה מקצועית","12","{}","6952641336c5c2e498d3d68a","2025-12-29T11:20:51.005000","2025-12-31T16:50:10.942000","693824c5c1ad33c1f114ebd3","false"
"69391901350762829f9a50b1","6950acef4d2ce27b84e13ab7","[""6950acef4d2ce27b84e13ab7""]","6950acf09c830c12a126c157","תוכנית 90 יום - מפת דרכים להמשך","מסמך PDF עם תוכנית עבודה מפורטת ל-90 הימים הבאים: חודש 1 - ביסוס, חודש 2 - הרחבה, חודש 3 - מיסוד. כולל יעדים, צ'קליסטים, ומשאבים נוספים.","https://bdnhost.com/courses/ai-business/90-day-plan.pdf","","A timeline roadmap infographic showing 90-day journey divided into three 30-day phases, each with milestones and checkpoints, progress arrows, colorful phase indicators, inspiring journey visualization, professional planning aesthetic, 4k quality","","[excited] הקורס נגמר... אבל המסע רק מתחיל! [pauses] והתוכנית הזאת היא מפת הדרכים שלכם ל-90 הימים הבאים. [thoughtful] חודש ראשון - תבססו את מה שבניתם. חודש שני - תרחיבו ותוסיפו כלים. חודש שלישי - תהפכו את זה להרגל קבוע. [excited] יש פה יעדים ברורים, צ'קליסטים, משאבים... [pauses] הכל שצריך כדי להמשיך לצמוח. [whispers] אל תעצרו עכשיו. [excited] קחו את התוכנית, עקבו אחריה... והמשיכו להתפתח!","","document","תוכנית המשך","6","{}","6950acf4680788ddb62baf35","2025-12-28T04:07:16.504000","2025-12-31T16:50:11.842000","693824c5c1ad33c1f114ebd3","false"
"69391901350762829f9a50b1","6950acef4d2ce27b84e13ab7","[""6950acef4d2ce27b84e13ab7""]","6950acf09c830c12a126c157","מחשבון ROI - חישוב החזר השקעה","גוגל שיטס אינטראקטיבי לחישוב ROI מהטמעת AI. מאפשר להזין עלויות (זמן, כסף, כלים), חיסכון (זמן שנחסך, שגיאות שנמנעו), וחישוב אוטומטי של ROI באחוזים ובמספרים.","https://docs.google.com/spreadsheets/d/ROI_CALCULATOR","","A professional ROI calculator spreadsheet with input fields for costs and savings, automated calculation formulas, visual gauge showing ROI percentage, green positive indicators, clean financial dashboard aesthetic, 4k quality","","[thoughtful] בסוף, הכל עניין של מספרים, נכון? [pauses] כמה השקענו... וכמה חסכנו. [excited] המחשבון הזה יעזור לכם לראות את זה בצורה ברורה וממוספרת! [pauses] תזינו כמה זמן השקעתם, כמה עלו הכלים, כמה זמן חסכתם... [thoughtful] והמחשבון יתן לכם ROI מדויק באחוזים ובשקלים. [excited] וזה לא רק מספרים... זה ההוכחה שמה שעשיתם עובד! תשתמשו בזה, תשתפו את התוצאות... ותחגגו!","","document","ROI","6","{}","6950acf4aad60c3e8370cf79","2025-12-28T04:07:16.201000","2025-12-31T16:50:12.936000","693824c5c1ad33c1f114ebd3","false"
"69391901350762829f9a50b1","6950acef4d2ce27b84e13ab7","[""6950acef4d2ce27b84e13ab7""]","6950acf0e35bb76cbde7f847","Knowledge Base Template - בניית מאגר ידע","תבנית גוגל שיטס לבניית Knowledge Base מובנית ל-Agent. כוללת עמודות לשאלה, תשובה, קטגוריה, מילות מפתח, ומקור. עם דוגמאות ממולאות.","https://docs.google.com/spreadsheets/d/KNOWLEDGE_BASE_TEMPLATE","","A structured spreadsheet showing FAQ knowledge base with question-answer pairs, category tags in color codes, keywords column, source references, organized database aesthetic, clean layout, professional data management look, 4k quality","","[thoughtful] Knowledge Base טובה היא הבסיס ל-Agent מוצלח. [pauses] אבל איך בונים אחת? [excited] הנה התבנית המושלמת! [pauses] פשוט פתחו את הגוגל שיטס הזה, תעתיקו אותו... ותתחילו למלא. שאלה, תשובה, קטגוריה, מילות מפתח... [thoughtful] ויש פה גם דוגמאות ממולאות שתוכלו ללמוד מהן. [excited] ככל שה-Knowledge Base יותר עשירה ומדויקת... כך ה-Agent שלכם יהיה יותר חכם וטוב. אז השקיעו בזה!","","document","Knowledge Base","5","{}","6950acf3db68a558ed68078c","2025-12-28T04:07:15.882000","2025-12-31T16:50:14.269000","693824c5c1ad33c1f114ebd3","false"
"69391901350762829f9a50b1","6950acef4d2ce27b84e13ab7","[""6950acef4d2ce27b84e13ab7""]","6950acf08d65aee13ece6c8b","תבנית Quick Win - תכנון ויישום","תבנית גוגל דוקס למיפוי ותכנון Quick Win. כוללת שאלות מנחות, קריטריונים לבחירה, צ'קליסט יישום, וטופס מעקב תוצאות.","https://docs.google.com/document/d/QUICK_WIN_TEMPLATE","","A clean document template page with fillable sections for goal definition, success criteria, implementation checklist, and results tracking, organized layout with icons and bullet points, professional planning document aesthetic, blue accents, 4k quality","","[excited] התבנית הזאת תעזור לכם לתכנן את ה-Quick Win בצורה מסודרת. [pauses] יש פה שאלות מנחות שיעזרו לכם לבחור את ה-Win הנכון... קריטריונים לוודא שזה באמת Quick... [thoughtful] וגם צ'קליסט יישום וטופס מעקב תוצאות. [excited] ככה אתם לא פשוט עושים משהו... אתם מתכננים, מיישמים, ומודדים. וזה מה שהופך רעיון לתוצאה אמיתית!","","document","Quick Wins","4","{}","6950acf34137e86519b21204","2025-12-28T04:07:15.560000","2025-12-31T16:50:15.514000","693824c5c1ad33c1f114ebd3","false"
"69391901350762829f9a50b1","6950acef4d2ce27b84e13ab7","[""6950acef4d2ce27b84e13ab7""]","6950acef5969a4fcec55f376","סרטון הדרכה - Make.com בסיסי (20 דקות)","מדריך וידאו מפורט לבניית אוטומציה ראשונה ב-Make.com. מסביר את הממשק, איך מחברים אפליקציות, איך בונים תרחיש פשוט, ואיך בודקים שהכל עובד.","https://youtu.be/ZY7xauD2AJA?si=-rZyQiqPANAUaaox","","A video thumbnail showing Make.com visual automation builder with connected nodes and modules, colorful workflow diagram, engaging instructor headshot in corner, Hebrew text overlay 'אוטומציה בקלות', professional tutorial aesthetic, 4k quality","","[thoughtful] Make.com זה כלי מדהים... אבל הוא יכול להרגיש קצת מבלבל בהתחלה. [pauses] אז הנה סרטון של 20 דקות שיפשט לכם את זה לגמרי! [excited] אתם תראו איך הממשק עובד, איך מחברים אפליקציות... ואיך בונים תרחיש אוטומציה פשוט מתחילה ועד סוף. [thoughtful] ולא רק תיאוריה - אני בונה אתכם משהו אמיתי, תוך כדי. [excited] אז קפצו פנימה, עקבו אחריי... ובסוף אתם תדעו לבנות לבד!","","video","Make.com","3","{}","6950acf39dd7c38412cde825","2025-12-28T04:07:15.254000","2025-12-31T16:55:46.827000","693824c5c1ad33c1f114ebd3","false"
"69391901350762829f9a50b1","6950acef4d2ce27b84e13ab7","[""6950acef4d2ce27b84e13ab7""]","6950acef5969a4fcec55f376","סרטון הדרכה - ChatGPT לעסקים (15 דקות)","סרטון מקיף המדגים איך להשתמש ב-ChatGPT לצרכים עסקיים: כתיבת מיילים, סיכום פגישות, יצירת תוכן, מענה לשאלות. עם דוגמאות מעשיות צעד אחר צעד.","https://www.youtube.com/watch?v=CHATGPT_BUSINESS_DEMO","","A professional video thumbnail showing split screen of instructor on left and ChatGPT interface on right, bright engaging colors, play button overlay, text overlay in Hebrew 'ChatGPT לעסקים', modern YouTube aesthetic, 4k quality","","[excited] הסרטון הזה הוא must-watch! [pauses] 15 דקות שיחסכו לכם שעות של ניסוי וטעייה. [thoughtful] אתם תראו בדיוק איך משתמשים ב-ChatGPT לצרכי העסק... כתיבת מיילים מקצועיים, סיכום פגישות, יצירת תוכן שיווקי. [excited] צעד אחר צעד, עם דוגמאות אמיתיות. [pauses] הטיפ שלי: צפו פעמיים - פעם אחת סתם להבנה, ופעם שנייה תוך כדי שאתם מתרגלים בעצמכם. זה הדרך הכי טובה ללמוד!","","video","ChatGPT","3","{}","6950acf2027f4a5a0a87b54b","2025-12-28T04:07:14.930000","2025-12-31T16:50:17.294000","693824c5c1ad33c1f114ebd3","false"
"69391901350762829f9a50b1","6950acef4d2ce27b84e13ab7","[""6950acef4d2ce27b84e13ab7""]","6950acef5969a4fcec55f376","השוואת כלי AI - טבלת השוואה מקיפה","גוגל שיטס עם השוואה מפורטת של כלי AI עיקריים: ChatGPT, Claude, Gemini, Make, Zapier, Otter.ai, Whisper ועוד. כולל עלויות, יכולות, יתרונות וחסרונות, והמלצות שימוש.","https://docs.google.com/spreadsheets/d/AI_TOOLS_COMPARISON_2025","","A detailed comparison table spreadsheet showing AI tools in rows and features in columns, color-coded ratings (green/yellow/red), pricing information, checkmarks for capabilities, professional data visualization, clean organized layout, 4k quality","","[excited] הטבלה הזאת שווה זהב! [pauses] כל הכלים שראינו במפגש, ועוד... כולם בטבלה אחת ברורה. [thoughtful] אתם יכולים לראות במבט אחד: מה כל כלי עושה, כמה זה עולה, מה היתרונות והחסרונות... [excited] ויש פה גם המלצות שלי - לאיזה סוג עסק כל כלי הכי מתאים. [pauses] זה חוסך לכם שעות של מחקר. פשוט פתחו, קראו, והחליטו מה רלוונטי לכם!","","document","כלי AI","3","{}","6950acf23ce6861c69a025df","2025-12-28T04:07:14.615000","2025-12-31T16:50:19.754000","693824c5c1ad33c1f114ebd3","false"
"69391901350762829f9a50b1","6950acef4d2ce27b84e13ab7","[""6950acef4d2ce27b84e13ab7""]","6950acef9aed993c2350c5cb","מדריך כתיבת SOP - צעד אחר צעד","מסמך PDF מקיף המלמד איך לכתוב SOP (נוהל הפעלה סטנדרטי) איכותי. כולל מבנה מומלץ, דוגמאות מלאות, טיפים נפוצים, ותבנית וורד להורדה.","https://bdnhost.com/courses/ai-business/sop-guide.pdf","","A professional document template page showing numbered step-by-step instructions, checkboxes, warning icons, and helpful tips in sidebar, clean corporate design, blue and white color scheme, organized and clear layout, 4k quality","","[thoughtful] SOP זה לב ליבו של העסק המאורגן. [pauses] אבל רבים לא יודעים איך לכתוב אחד. [excited] אז הנה המדריך המלא! [pauses] צעד אחר צעד - איך כותבים SOP טוב, מה חובה לכלול, מה הטעויות הנפוצות... [thoughtful] ויש פה גם תבנית וורד מוכנה שפשוט תוכלו למלא. [excited] זה הופך משימה שנראית מפחידה למשהו פשוט וברור. תשתמשו בזה!","","document","SOP","2","{}","6950acf28f38c6a0ef2b9be8","2025-12-28T04:07:14.352000","2025-12-31T16:50:20.639000","693824c5c1ad33c1f114ebd3","false"
"69391901350762829f9a50b1","6950acef4d2ce27b84e13ab7","[""6950acef4d2ce27b84e13ab7""]","6950acef9aed993c2350c5cb","תבניות Process Mapping - Whimsical + Miro","קבצי תבניות מוכנים לשימוש ב-Whimsical וב-Miro למיפוי תהליכים. כוללות סמלים סטנדרטיים, צורות, וחיצים. עם דוגמאות מלאות של תהליכים עסקיים ממופים.","https://whimsical.com/templates/ai-business-process-map","","A clean flowchart template screenshot showing standard process mapping symbols (start/end ovals, process rectangles, decision diamonds) connected with arrows, soft pastel color scheme, professional diagram aesthetic, organized grid layout, 4k quality","","[excited] הנה התבניות המוכנות שלכם! [pauses] לא צריך להתחיל מאפס... יש פה תבניות מוכנות ב-Whimsical וגם ב-Miro. [thoughtful] פשוט תעתיקו, תתחילו למלא את התהליך שלכם... ויש פה אפילו דוגמאות מלאות שתוכלו ללמוד מהן. [excited] זה חוסך לכם המון זמן ומבטיח שאתם עושים את זה נכון. קדימה!","","document","Process Mapping","2","{}","6950acf266bbb75cb6c768e8","2025-12-28T04:07:14.100000","2025-12-31T16:50:21.529000","693824c5c1ad33c1f114ebd3","false"
"69391901350762829f9a50b1","6950acef4d2ce27b84e13ab7","[""6950acef4d2ce27b84e13ab7""]","","מילון מונחי AI לעסקים - לקסיקון מלא","מסמך PDF עם כל המושגים והמונחים שנלמד בקורס: AI, Automation, Agent, Knowledge Base, SOP, Process Mapping, Quick Wins, Iteration, ROI ועוד. כל מונח מוסבר בעברית פשוטה עם דוגמאות מהחיים.","https://bdnhost.com/courses/ai-business/lexicon.pdf","","An elegant digital dictionary page layout with Hebrew text, AI-related terms highlighted in purple, simple illustrations next to each definition, clean typography, organized two-column layout, professional educational design, warm background, 4k quality","","[thoughtful] המילון הזה הוא החבר הכי טוב שלכם לאורך הקורס. [pauses] כל פעם שתשמעו מונח לא מוכר... AI, Agent, Iteration, SOP... [excited] פתחו את המילון! [pauses] יש פה הסבר פשוט בעברית, בלי ג'רגון... ועם דוגמאות מהחיים. [thoughtful] זה לא סתם רשימה - זה כלי עבודה. תשמרו אותו קרוב, תחזרו אליו... והוא יעזור לכם להבין הכל לעומק.","","lexicon","מילון מונחים","1","{}","6950acf1fa3250c1c4c98433","2025-12-28T04:07:13.927000","2025-12-31T16:50:22.538000","693824c5c1ad33c1f114ebd3","false"
"69391901350762829f9a50b1","6950acef4d2ce27b84e13ab7","[""6950acef4d2ce27b84e13ab7""]","6950acefe127e424f6c33a8d","תבנית Time Audit - גוגל שיטס","תבנית מוכנה לשימוש בגוגל שיטס למעקב אחר זמן. כוללת עמודות למשימה, זמן התחלה, זמן סיום, משך, קטגוריה, והאם חוזרת. עם נוסחאות אוטומטיות לחישוב סיכומים ותרשימים.","https://docs.google.com/spreadsheets/d/TIME_AUDIT_TEMPLATE_2025","","A clean Google Sheets interface showing time tracking template with colorful category codes, timeline columns, automated formulas visible, soft green checkmarks for completed tasks, organized data visualization, professional spreadsheet aesthetic, 4k quality","","[excited] הנה התבנית המושלמת ל-Time Audit שלכם! [pauses] זה גוגל שיטס פשוט... פשוט תעתיקו אותו לחשבון שלכם ותתחילו למלא. [thoughtful] יש פה עמודות לכל מה שצריך: מה עשיתם, מתי התחלתם, מתי סיימתם... [excited] והכי יפה? יש פה נוסחאות אוטומטיות שיחשבו לכם הכל! [pauses] בסוף השבוע תוכלו לראות תרשימים ברורים - איפה הולך הזמן, מה חוזר הכי הרבה... והאם יש פה הזדמנויות לאוטומציה. זה כלי עבודה, לא סתם טבלה!","","document","Time Audit","1","{}","6950acf116954a47b103f1d0","2025-12-28T04:07:13.661000","2025-12-31T16:50:23.848000","693824c5c1ad33c1f114ebd3","false"
"69391901350762829f9a50b1","6950acef4d2ce27b84e13ab7","[""6950acef4d2ce27b84e13ab7""]","6950acefe127e424f6c33a8d","מצגת מבוא - מה זה AI ולמה זה משנה לעסק שלך?","מצגת פתיחה מקיפה המסבירה את יסודות הבינה המלאכותית בהקשר עסקי, ההבדל בין AI לאוטומציה מסורתית, דוגמאות מעסקים ישראליים, והציפיות מהקורס. כוללת אינפוגרפיקות, דוגמאות והמלצות למשתתפים.","","","A sleek modern presentation title slide with abstract AI neural network visualization in background, gradient from deep purple to electric blue, bold Hebrew typography, professional business aesthetic, clean minimalist design, 8k quality, inspiring and cutting-edge mood","","הצג את הקונספט של בינה מלאכותית וגם תסביר איך זה מתקשר לעסקים. אמור שהתפרצות הטכנולוגיה היא רק בחיתוליה.

הסבר את סוגי הבינה המלאכותית השונים ואת השימושים שלהם בעסקים. הסביר כל סוג על ידי דוגמה.

הראה דוגמאות מוחשיות מעסקים ישראליים שמיישמים בינה מלאכותית. תן דגש ליתרונות שהם רואים.

הדגש את ההבדלים התפקודיים בין AI לאוטומציה מסורתית. מה היתרון של AI וכיצד הוא משנה את התמונה.

תאר את המטרות של הקורס ואת הכלים שיקבלו התלמידים. הזכיר את העבודה בקבוצות כדי לעודד אינטראקציה.","","presentation","מבוא ל-AI בעסק","1","{""slides"":[{""title"":""מבוא לבינה מלאכותית"",""bullets"":[""הגדרה של בינה מלאכותית (AI)"",""מה ההבדל בין AI לאוטומציה מסורתית?"",""חשיבות הבינה המלאכותית בעסקים""],""speaker_notes"":""הצג את הקונספט של בינה מלאכותית וגם תסביר איך זה מתקשר לעסקים. אמור שהתפרצות הטכנולוגיה היא רק בחיתוליה.""},{""title"":""סוגי בינה מלאכותית"",""bullets"":[""למידת מכונה"",""למידת עמוקה"",""AI קוגניטיבי""],""speaker_notes"":""הסבר את סוגי הבינה המלאכותית השונים ואת השימושים שלהם בעסקים. הסביר כל סוג על ידי דוגמה.""},{""title"":""מקרי בוחן מעסקים ישראליים"",""bullets"":[""אופן קבלת החלטות בעזרת AI"",""שיפור שירות לקוחות עם צ'אט-בוטים"",""אנליזות נתונים מידע בעזרת AI""],""speaker_notes"":""הראה דוגמאות מוחשיות מעסקים ישראליים שמיישמים בינה מלאכותית. תן דגש ליתרונות שהם רואים.""},{""title"":""ההבדל בין AI לאוטומציה מסורתית"",""bullets"":[""AI: חוכמה ולמידה"",""אוטומציה מסורתית: ביצוע משימות חוזרות"",""ההשפעה העסקית של שני הגישות""],""speaker_notes"":""הדגש את ההבדלים התפקודיים בין AI לאוטומציה מסורתית. מה היתרון של AI וכיצד הוא משנה את התמונה.""},{""title"":""ציפיות מהקורס"",""bullets"":[""מה נלמד במהלך הקורס"",""אילו כלים נזכה להכיר"",""דרכי עבודה קבוצתיות""],""speaker_notes"":""תאר את המטרות של הקורס ואת הכלים שיקבלו התלמידים. הזכיר את העבודה בקבוצות כדי לעודד אינטראקציה.""}]}","6950acf1a3249cdd726e4090","2025-12-28T04:07:13.269000","2025-12-31T16:50:25.107000","693824c5c1ad33c1f114ebd3","false"
"69391901350762829f9a50b1","6945d4fd8213de74fd4c0a84","[""6945d4fd8213de74fd4c0a84""]","6945d4fd5f9caaa8ba8c32d9","בינה מלאכותית בכיתה: ממפחיד למעצים","הבינה המלאכותית (AI) אינה עוד טרנד חולף, אלא כלי רב-עוצמה שיכול לשנות את פני ההוראה והלמידה. ביחידה זו נצלול אל יסודות ה-AI, נבין כיצד מודלים של שפה פועלים, ונלמד כיצד לרתום אותם לחיסכון בזמן, פרסונליזציה של הלמידה והעצמת התלמידים, תוך שמירה על שיקול דעת פדגוגי.","","https://qtrypzzcjebvfcihiynt.supabase.co/storage/v1/object/public/base44-prod/public/693824c5c1ad33c1f114ebd2/7388d11f3_generated_image.png","Create a vibrant, modern infographic-style illustration that captures the transformative power of artificial intelligence (AI) in education. The image should depict a classroom scene where AI acts as an empowering tool, utilizing visual metaphors such as a teacher and students interacting with digital interfaces, symbolic representations of data flowing seamlessly, and icons of personalization like customized lesson plans or adaptive learning pathways. Include imagery of futuristic AI elements—like brain-like networks or friendly robots—integrating smoothly into the learning environment. Use a clean design with a balanced composition and bright colors to emphasize innovation and engagement, ensuring the final image is of 4k quality. Remember, there should be NO text or letters; rely solely on symbols, diagrams, and icons to convey the message.","https://base44.app/api/apps/693824c5c1ad33c1f114ebd2/files/public/693824c5c1ad33c1f114ebd2/eb754ecd9_audio_6950322a3310a30b0cda1fc8.mp3","[excited] ""היי כולם! מוכנים לעלות רמה? הגיע הזמן לגלות את הכוחות העל שלכם עם בינה מלאכותית... כן, שמעתם נכון! זה לא טרנד חולף, אלא כלי רב-עוצמה שישנה את הדרך שבה אתם מלמדים ולומדים!

[pauses] עכשיו, בואו נשחק קצת... ברמה הראשונה, נלמד מה זה AI ומה זה עושה... ברמה השנייה, נבין את מודלים כמו ChatGPT, איך הם פועלים, ואיך אתם יכולים לרתום אותם לחיסכון בזמן...

[thoughtful] אז למה זה חשוב? כי אתם הולכים ללמוד איך ""ללחוש למכונה"" ולפתוח בפניכם יכולות שלא דמיונכם יכול היה לתאר... אתם לא רק תלמידים יותר, אתם הופכים למעצימי תלמידים אחרים!

[laughs] אז שימו כן, כי ברגע שאתם מתחילים, אתם נכנסים לעולם של אפשרויות אינסופיות... שמעו, בזמן שאתם משפרים את הלמידה שלכם, אתם גם מקבלים כוחות על... המורים של המחר! 

[excited] יאללה, בואו נתחיל!""","","presentation","פרק 2","2","{""slides"":[{""title"":""הקדמה לבינה מלאכותית"",""bullets"":[""מה זו בינה מלאכותית?"",""חשיבות והחובה שלה בחינוך"",""המעבר ממפחיד למעצים""],""speaker_notes"":""נפתח בהגדרה בסיסית של בינה מלאכותית ואווירה קונספטואלית על השפעתה על תחום החינוך.""},{""title"":""יסודות הבינה המלאכותית"",""bullets"":[""מודלים של שפה: מה הם?"",""תהליכי עבודה של AI"",""דוגמאות לשימושים בכיתה""],""speaker_notes"":""נסביר כיצד מודלים של שפה פועלים ומה הם המרכיבים הבסיסיים שלהם. נכיר דוגמאות לשימוש ב-AI בכיתה.""},{""title"":""חיסכון בזמן בהוראה"",""bullets"":[""אוטומציה של משימות שגרתיות"",""שימוש ברובוטים ובוטים"",""מתי כדאי להשתמש ב-AI לחיסכון זמן""],""speaker_notes"":""נראה כיצד בינה מלאכותית יכולה לסייע למורים לחסוך בזמן על ידי אוטומטיזציה של תהליכים.""},{""title"":""פרסונליזציה של הלמידה"",""bullets"":[""למידה מותאמת אישית עם AI"",""נתונים והבנת התלמידים"",""סוגי כלים להעצמת הפרסונליזציה""],""speaker_notes"":""נדון כיצד ניתן להשתמש ב-AI כדי ליצור חוויות למידה מותאמות אישית לכל תלמיד.""},{""title"":""שיקול דעת פדגוגי ועתיד החינוך"",""bullets"":[""פיתוח מיומנויות פדגוגיות בעידן ה-AI"",""איזון בין טכנולוגיה להיבטים אנושיים"",""הזדמנויות ואתגרים בעידן המודרני""],""speaker_notes"":""נסיים בדיון על החשיבות של שמירה על שיקול דעת פדגוגי וכיצד לאזן בין טכנולוגיה להיבטים אנושיים בחינוך.""}]}","6950322a3310a30b0cda1fc8","2025-12-27T19:23:22.364000","2025-12-31T16:50:27.314000","693824c5c1ad33c1f114ebd3","false"
"69391901350762829f9a50b1","6942ae4afed1bf7040557a50","[""6942ae4afed1bf7040557a50""]","6942ae4bd5a820b4b864e01b","צעדים ראשונים בפיתון","<p>השלבים להרצת קוד פיתון במחשב</p>","","https://qtrypzzcjebvfcihiynt.supabase.co/storage/v1/object/public/base44-prod/public/693824c5c1ad33c1f114ebd2/68866ebc8_generated_image.png","**Image Generation Prompt:**

Create an infographic-style image titled ""Getting Started with Python."" The image should visually outline the steps to run Python code on a computer. The design should be modern and clean, using a palette of bright, engaging colors that convey a sense of education and technology. Include the following key points in a step-by-step format:

1. **Install Python:** Show an illustration of a computer screen with the Python logo and a download button, emphasizing the installation process.
2. **Set Up an IDE:** Depict an integrated development environment (IDE) interface, such as PyCharm or VSCode, with highlighted text editing areas and tools.
3. **Write Your Code:** Include an image of a text editor with sample Python code (e.g., `print(""Hello, World!"")`), showcasing the simplicity of writing code.
4. **Run Your Code:** Illustrate a terminal or command prompt with the command to run the Python script (e.g., `python filename.py`), emphasizing the action of executing code.
5. **Check Output:** Visualize the success of running code with a pop-up window displaying the output (""Hello, World!"") alongside a thumbs-up icon.

Incorporate visual elements like arrows, icons, and minimal text to guide the viewer through the process in an engaging and educational manner. The overall layout should be easy to follow, ensuring the information is clear and accessible to beginners in programming.","","אבצע כעת את התיקונים בפועל. אקרא את הקבצים ואעדכן אותם:

","","presentation","","","","69480f74da89509ab874ea92","2025-12-21T15:17:08.496000","2025-12-31T16:50:28.256000","693824c5c1ad33c1f114ebd3","false"
"69391901350762829f9a50b1","69414e2be636c8c8c38af82d","[""69414e2be636c8c8c38af82d"",""6942ae4afed1bf7040557a50""]","69414e2cac5b82cce4a0ad27","מדריך פייתון להנדסאים","","https://bdnhost.net/Resources/python_guide4STUODENT.html#what-is-python","https://qtrypzzcjebvfcihiynt.supabase.co/storage/v1/object/public/base44-prod/public/693824c5c1ad33c1f114ebd2/bf117e75c_generated_image.png","**Prompt:** Create an infographic-style image titled ""Python Guide for Engineers."" The design should be modern and clean, featuring a well-organized layout that highlights key concepts in Python programming. Include sections for: 1) Basic Syntax, 2) Data Types (with visual examples), 3) Control Structures (like loops and conditionals), 4) Functions and Modules (illustrated with flowcharts), and 5) Practical Applications in Engineering (showcasing relevant use cases). Use a color palette that conveys professionalism, such as shades of blue and gray, and incorporate icons or illustrations that represent engineering and technology. Ensure the text is easy to read, employing a sans-serif font that complements the educational theme. Aim for a visually engaging composition that balances text and graphics effectively.","","","","link","","5","","6947d566eaf990c70fa923c1","2025-12-21T11:09:26.185000","2025-12-31T16:50:29.167000","693824c5c1ad33c1f114ebd3","false"
"693d4c43a0fd0f3a209cbee1","69472955c43faff26cdb1f27","[""69472955c43faff26cdb1f27""]","69472955b12dd535c0c323ba","מונחון הקורס","רשימת מושגים.","https://example.com/glossary.pdf","","An open dictionary book with glowing magical letters floating above it.","","[thoughtful] המונחון הזה יעזור לכם להבין את השפה המקצועית.","","lexicon","","","{}","69472956919807728f47f92b","2025-12-20T22:55:18.414000","2025-12-31T16:50:30.074000","694727c756f9d9629e85a36e","false"
"693d4c43a0fd0f3a209cbee1","69472955c43faff26cdb1f27","[""69472955c43faff26cdb1f27""]","69472955b12dd535c0c323ba","שם חומר הלימוד","מה יש בקובץ הזה.","https://example.com/file.pdf","","A modern digital document icon with glowing elements, glassmorphism style.","","[excited] שימו לב לשקף הזה, הוא מסכם את כל התורה כולה.","","presentation","","","{}","69472956aa250d9524ccfe23","2025-12-20T22:55:18.054000","2025-12-31T16:50:31.027000","694727c756f9d9629e85a36e","false"
"69391901350762829f9a50b1","6945d4fd8213de74fd4c0a84","[""6945d4fd8213de74fd4c0a84""]","6945d4fea8fc7d5d59cd2d52","מצגת: מבוא ל-AI בחינוך","מצגת מבוא המציגה את עקרונות הבינה המלאכותית, סוגים שונים של AI, והפוטנציאל שלהם בשדה החינוכי.","","","A modern futuristic classroom presentation slide background, clean minimalist design with AI educational icons, soft blue and purple gradient, high quality 4k","","שלום לכולם! ברוכים הבאים למפגש המבוא שלנו בנושא בינה מלאכותית בחינוך. היום נבין מהי בעצם הבינה המלאכותית וכיצד היא משנה את פני ההוראה.

נכיר את סוגי ה-AI השונים, נבדיל בין בינה מלאכותית צרה לבינה מלאכותית יוצרת, ונראה דוגמאות לשימושים יומיומיים שכולנו מכירים.

נדבר על ההזדמנויות האדירות שה-AI מביא לכיתה: התאמה אישית של הלמידה, חיסכון בזמן למורה, ויצירת חוויות למידה חדשניות ומרתקות.

כמובן, לא נתעלם מהאתגרים. נדון ביושרה אקדמית, הטיות באלגוריתמים, והחשיבות של שמירה על הגורם האנושי בתהליך החינוכי.

לסיכום, הבינה המלאכותית היא כלי רב עוצמה. המטרה שלנו היא ללמוד כיצד לרתום אותו לטובתנו ולטובת התלמידים שלנו. בואו נצא לדרך!","","presentation","מבוא לבינה מלאכותית","1","{""slides"":[{""speaker_notes"":""שלום לכולם! ברוכים הבאים למפגש המבוא שלנו בנושא בינה מלאכותית בחינוך. היום נבין מהי בעצם הבינה המלאכותית וכיצד היא משנה את פני ההוראה."",""title"":""ברוכים הבאים: מהפכת ה-AI בחינוך"",""bullets"":[""הגדרה בסיסית: מהי בינה מלאכותית?"",""ההיסטוריה הקצרה של התחום"",""בינה מלאכותית בחיי היומיום שלנו""]},{""title"":""סוגי AI ומושגים מרכזיים"",""bullets"":[""Machine Learning vs. Deep Learning"",""Generative AI (בינה מלאכותית יוצרת)"",""מודלי שפה גדולים (LLMs)""],""speaker_notes"":""נכיר את סוגי ה-AI השונים, נבדיל בין בינה מלאכותית צרה לבינה מלאכותית יוצרת, ונראה דוגמאות לשימושים יומיומיים שכולנו מכירים.""},{""bullets"":[""פרסונליזציה של הלמידה"",""יצירת תוכן לימודי אוטומטי"",""עוזרים וירטואליים למורים ולתלמידים""],""title"":""ההזדמנויות בשדה החינוכי"",""speaker_notes"":""נדבר על ההזדמנויות האדירות שה-AI מביא לכיתה: התאמה אישית של הלמידה, חיסכון בזמן למורה, ויצירת חוויות למידה חדשניות ומרתקות.""},{""speaker_notes"":""כמובן, לא נתעלם מהאתגרים. נדון ביושרה אקדמית, הטיות באלגוריתמים, והחשיבות של שמירה על הגורם האנושי בתהליך החינוכי."",""bullets"":[""אתיקה ויושרה אקדמית"",""הטיות (Bias) במערכות AI"",""תפקיד המורה בעידן החדש""],""title"":""אתגרים ודילמות מוסריות""},{""bullets"":[""כלים מומלצים להתנסות ראשונית"",""טיפים לשילוב AI במערך השיעור"",""סיכום ושאלות""],""speaker_notes"":""לסיכום, הבינה המלאכותית היא כלי רב עוצמה. המטרה שלנו היא ללמוד כיצד לרתום אותו לטובתנו ולטובת התלמידים שלנו. בואו נצא לדרך!"",""title"":""צעדים ראשונים ליישום""}]}","694654f1c00903d20321c5c5","2025-12-20T07:49:05.847000","2025-12-31T16:50:31.933000","693824c5c1ad33c1f114ebd3","false"
"69391901350762829f9a50b1","6945d4fd8213de74fd4c0a84","[""6945d4fd8213de74fd4c0a84""]","6945d4fea8fc7d5d59cd2d52","מדריך: הנדסת פרומפטים למורים","מדריך מקיף לכתיבת פרומפטים אפקטיביים עבור מורים, כולל דוגמאות וטבלאות.","","","","","","","document","כלים ופרקטיקה","1","{""html_content"":""<h1>המדריך השלם להנדסת פרומפטים למורים</h1>\n<p>בינה מלאכותית יוצרת (Generative AI) היא כלי רב עוצמה, אך התוצאות שלה תלויות במידה רבה באיכות ההנחיות (Prompts) שאנו מספקים לה. מדריך זה נועד להעניק לכם, המורים, כלים מעשיים לכתיבת פרומפטים מדויקים שיחסכו לכם זמן ויפיקו תוצרים איכותיים.</p>\n\n<h2>עקרונות המפתח לפרומפט מנצח</h2>\n<ul>\n    <li><strong>בהירות (Clarity):</strong> היו ספציפיים וברורים ככל האפשר.</li>\n    <li><strong>הקשר (Context):</strong> ספקו ל-AI את הרקע הנדרש (מי הקהל? מה המטרה?).</li>\n    <li><strong>תפקיד (Role):</strong> הגדירו ל-AI דמות (\""אתה מורה מומחה להיסטוריה\"").</li>\n    <li><strong>פורמט (Format):</strong> ציינו כיצד תרצו לקבל את התשובה (טבלה, רשימה, מערך שיעור).</li>\n</ul>\n\n<h2>נוסחת המבנה המומלץ</h2>\n<p>נסו להשתמש במבנה הבא:</p>\n<blockquote>\n    \""פעל כ[תפקיד]. המשימה שלך היא [משימה]. הקהל הוא [קהל יעד]. ההקשר הוא [רקע]. התוצר צריך להיות בפורמט [פורמט] ולכלול [דרישות ספציפיות].\""\n</blockquote>\n\n<h2>דוגמאות לפרומפטים שימושיים</h2>\n\n<h3>1. יצירת מערך שיעור</h3>\n<p><em>\""פעל כמורה למדעים בחטיבת הביניים. כתוב מערך שיעור של 45 דקות בנושא 'מחזור המים'. המערך צריך לכלול: מטרות, פתיחה (5 דק'), גוף השיעור עם פעילות אינטראקטיבית (30 דק'), וסיכום (10 דק'). התאם את השפה לתלמידי כיתה ז'.\""</em></p>\n\n<h3>2. חיבור שאלות למבחן</h3>\n<p><em>\""חבר 5 שאלות אמריקאיות בנושא המהפכה הצרפתית, ברמת קושי עולה. ספק את התשובה הנכונה לכל שאלה והסבר קצר מדוע היא נכונה.\""</em></p>\n\n<h3>3. פישוט טקסט מורכב</h3>\n<p><em>\""קח את הפסקה הבאה מתוך מאמר אקדמי וכתוב אותה מחדש בשפה פשוטה וברורה המתאימה לתלמידי תיכון, תוך שמירה על המושגים המרכזיים.\""</em></p>\n\n<h2>טיפים לשיפור מתמיד</h2>\n<ul>\n    <li>אל תסתפקו בתשובה הראשונה - נהלו דיאלוג עם ה-AI (\""שפר את הסעיף השני\"", \""תן דוגמה נוספת\"").</li>\n    <li>השתמשו בדוגמאות בתוך הפרומפט (Few-Shot Prompting) כדי לכוון לסגנון הרצוי.</li>\n    <li>בדקו תמיד את התוצרים לפני השימוש בכיתה!</li>\n</ul>""}","694654f1c00903d20321c5c6","2025-12-20T07:49:05.847000","2025-12-31T16:50:33.020000","693824c5c1ad33c1f114ebd3","false"
"69391901350762829f9a50b1","6945d4fd8213de74fd4c0a84","[""6945d4fd8213de74fd4c0a84""]","6945d4fea8fc7d5d59cd2d52","הדגמה: בניית שיעור עם ChatGPT","סרטון המדגים צעד-אחר-צעד כיצד להשתמש ב-ChatGPT כדי לתכנן שיעור היסטוריה אינטראקטיבי.","https://www.youtube.com/watch?v=xS7alcPMkxk","","Create an infographic-style image showcasing a step-by-step demonstration on how to use ChatGPT to plan an interactive history lesson. The design should be modern and clean, featuring visually engaging elements such as icons, diagrams, and text boxes. 

1. Start with a bold title at the top: ""Demonstration: Building a Lesson with ChatGPT"".
2. Include a sequence of steps, each visually distinct but cohesive, highlighting the process of using ChatGPT for lesson planning.
3. Use vibrant colors to attract attention, but maintain a professional educational tone.
4. Incorporate illustrative icons that represent key concepts, such as a computer for ChatGPT, a book for history, and a lightbulb for ideas.
5. Ensure there's a balance between text and visuals; succinctly summarize each step with bullet points or brief descriptions next to relevant icons.
6. At the bottom, include a call-to-action, encouraging viewers to try using ChatGPT in their own lesson planning.

The overall aesthetic should be engaging, informative, and suitable for an educational audience.","https://base44.app/api/apps/693824c5c1ad33c1f114ebd2/files/public/693824c5c1ad33c1f114ebd2/dbdbf5d55_audio_demo_video.mp3","בסרטון הבא נראה הדגמה חיה של שימוש במודל שפה לבניית מערך שיעור שלם מאפס. שימו לב לדיאלוג המתמשך עם הבוט ולחידוד ההנחיות.","","presentation","יישומים בכיתה","1","{}","694654f1c00903d20321c5c7","2025-12-20T07:49:05.847000","2025-12-31T16:50:34.047000","693824c5c1ad33c1f114ebd3","false"
"69391901350762829f9a50b1","6945d4fd8213de74fd4c0a84","[""6945d4fd8213de74fd4c0a84""]","6945d4fd6d3cd77b94642237","קישור: מאגר כלי AI מומלצים (2025)","מאגר כלים מומלצים ועדכניים לשימוש חינוכי, מחולק לפי קטגוריות (יצירת תוכן, הערכה, ניהול כיתה).","https://bdnhost.net/Resources/%D7%91%D7%99%D7%A0%D7%94_%D7%9E%D7%9C%D7%90%D7%9B%D7%95%D7%AA%D7%99%D7%AA_%D7%91%D7%9B%D7%99%D7%AA%D7%94__%D7%9E%D7%9E%D7%A4%D7%97%D7%99%D7%93_%D7%9C%D7%9E%D7%A2%D7%A6%D7%99%D7%9D_learning_unit.html","","","","","","link","משאבים נוספים","1","{}","694654f1c00903d20321c5c8","2025-12-20T07:49:05.847000","2025-12-31T16:50:34.931000","693824c5c1ad33c1f114ebd3","false"
"69391901350762829f9a50b1","6945d4fd8213de74fd4c0a84","[""6945d4fd8213de74fd4c0a84""]","6945d4fea8fc7d5d59cd2d52","לקסיקון: מונחי AI למחנכים","📘 מילון מושגי יסוד בבינה מלאכותית (AI)
1️⃣ מושגי יסוד
1. בינה מלאכותית (AI)

הגדרה:
תחום במדעי המחשב העוסק בתכנון מערכות המסוגלות לחקות יכולות אנושיות כגון למידה, קבלת החלטות והסקה.

שימושים נפוצים:

חינוך מותאם אישית

שירות לקוחות אוטומטי

מחקר מדעי וניתוח נתונים

דוגמה:
מערכת הממליצה לתלמיד על תרגול מותאם לרמתו.

2. למידת מכונה (Machine Learning)

הגדרה:
שיטה שבה מחשבים לומדים לזהות דפוסים ולבצע תחזיות על בסיס נתונים, ללא תכנות מפורש לכל פעולה.

שימושים נפוצים:

ניבוי ציונים והישגים

אבחון רפואי

ניתוח נתונים עסקיים

דוגמה:
מערכת לחיזוי נוכחות תלמידים בשיעור.

3. למידה עמוקה (Deep Learning)

הגדרה:
תת־תחום של למידת מכונה המבוסס על רשתות נוירונים בעלות שכבות רבות.

שימושים נפוצים:

זיהוי תמונות ופנים

זיהוי דיבור

נהיגה אוטונומית

4. מודל שפה גדול (LLM – Large Language Model)

הגדרה:
מודל בינה מלאכותית המסוגל להבין, לנתח ולייצר טקסט בשפה טבעית.

דוגמאות:
ChatGPT, Claude, Gemini

שימושים נפוצים:

סיכום מידע

תרגום שפות

חיפוש ידע

יצירת תכנים והנחיות

5. דאטה (Data)

הגדרה:
מידע המשמש כחומר הגלם ללמידה ואימון של מודלי AI.

סוגי דאטה:

טבלאות

טקסט

תמונות

שמע

עיקרון מרכזי:
איכות הדאטה קובעת את איכות המודל.

2️⃣ כלים ושיטות מרכזיות
6. עיבוד שפה טבעית (NLP – Natural Language Processing)

הגדרה:
תחום המאפשר למחשב להבין, לנתח ולייצר טקסט ודיבור אנושי.

יישומים נפוצים:

תרגום אוטומטי

סיכום טקסטים

זיהוי רגשות ועמדות

7. ראייה ממוחשבת (Computer Vision)

הגדרה:
יכולת של מחשב לזהות ולנתח תמונות וסרטונים.

שימושים נפוצים:

מערכות אבטחה

חינוך מיוחד

יישומים רפואיים (מדיקל)

8. למידת חיזוק (Reinforcement Learning)

הגדרה:
שיטת למידה המבוססת על תגמולים ועונשים, בדומה ללמידה אנושית מניסיון.

יישומים נפוצים:

רובוטיקה

משחקי מחשב

ניהול מלאי ותהליכים

9. Explainable AI – בינה מלאכותית מוסברת

הגדרה:
יכולת להבין ולהסביר כיצד מערכת AI קיבלה החלטה מסוימת.

חשיבות מיוחדת בתחומים:

משפט

רפואה

חינוך

3️⃣ עקרונות, סיכונים ואתיקה
10. הטיה (Bias)

הגדרה:
נטייה לא הוגנת של מודל, הנובעת מדאטה חלקי או לא מאוזן.

סכנות:

אפליה

החלטות שגויות

דרכי התמודדות:

דגימה מאוזנת

ביקורת אנושית

בדיקות הוגנות

11. פרטיות מידע

הגדרה:
שמירה על נתונים אישיים, במיוחד של תלמידים ולקוחות.

עקרונות מרכזיים:

מינימליזם בנתונים

הצפנה

קבלת הסכמה

12. רגולציה בבינה מלאכותית

הגדרה:
מסגרת חוקית המגדירה שימוש אחראי ובטוח ב־AI.

כוללת:

חובת שקיפות

הגנה על פרטיות

אחריות משפטית

4️⃣ מושגי עבודה וכלים פרקטיים
13. פרומפט (Prompt)

הגדרה:
הנחיה או בקשה שאנו נותנים למודל AI.

כלל זהב:
ככל שההנחיה מדויקת וברורה יותר – כך הפלט איכותי יותר.

דוגמה:
""צור מערך שיעור בנושא אנרגיה מתחדשת.""

14. צ'אטבוט

הגדרה:
כלי שיחה אינטראקטיבי מבוסס AI.

שימושים נפוצים:

תמיכה טכנית

מענה לתלמידים

שירות לקוחות

15. אוטומציה חכמה

הגדרה:
שימוש ב־AI לביצוע משימות באופן אוטומטי במקום אדם.

תחומים נפוצים:

משרדי רואי חשבון

מוקדי שירות

ניהול כיתה ותהליכים חינוכיים

5️⃣ מושגים מתקדמים
16. רשת נוירונים

הגדרה:
מבנה חישובי המדמה את אופן פעולת תאי העצב במוח האנושי.

תפקיד:
הליבה של מערכות למידה עמוקה.

17. על־התאמה (Overfitting)

הגדרה:
מצב שבו מודל לומד את נתוני האימון ""טוב מדי"", אך נכשל בנתונים חדשים.

18. Fine-Tuning – כיוונון מודל

הגדרה:
התאמת מודל קיים לצרכים ייעודיים, כגון מערכת משפטית או חינוכית.

19. Token – טוקן

הגדרה:
יחידת טקסט בסיסית (מילה או חלק ממילה) שבה המודל משתמש.

השפעה:
משפיע על עלות, ביצועים והיקף שימוש במודל.","","https://qtrypzzcjebvfcihiynt.supabase.co/storage/v1/object/public/base44-prod/public/693824c5c1ad33c1f114ebd2/f5fd9566d_generated_image.png","Title: ""Lexicon: AI Terms for Educators""  
Description: An interactive glossary featuring fundamental concepts in the field of artificial intelligence, tailored for educators. 

Prompt: ""Create a modern, clean infographic-style image that visually represents an interactive glossary of key AI terms specifically designed for educators. The image should include colorful, easy-to-read icons or illustrations for terms like 'Machine Learning', 'Neural Networks', 'Natural Language Processing', 'Algorithm', and 'Data Science'. Each term should be defined in a simple, digestible format. Use a polished layout with sections or boxes for each term, incorporating a color palette that is engaging yet professional. The overall aesthetic should be educational, fostering a sense of curiosity and interest in AI for teaching professionals.""","","בינה מלאכותית (AI – Artificial Intelligence)

מה זה: מערכות מחשב שמבצעות פעולות הדורשות ""חשיבה"" אנושית: הבנה, למידה, פתרון בעיות וקבלת החלטות.
דוגמה בכיתה: מערכת שממליצה על תרגילים מותאמים לכל תלמיד.
משימה אינטראקטיבית: בחר נושא לימודי – איפה היית משלב AI כדי לשפר הוראה?
להעמיק: AI ≠ רובוטים. רובוטים יכולים להכיל AI – אבל לא חייבים.","","other","מושגי יסוד","1","{""terms"":[{""definition"":""בינה מלאכותית (Artificial Intelligence) - ענף במדעי המחשב העוסק ביצירת מכונות ומערכות המסוגלות לבצע משימות הדורשות אינטליגנציה אנושית."",""word"":""AI""},{""word"":""Generative AI"",""definition"":""בינה מלאכותית יוצרת (Generative AI) - סוג של AI המסוגל ליצור תוכן חדש (טקסט, תמונות, וידאו, קוד) על סמך דוגמאות שעליו הוא אומן.""},{""definition"":""מודל שפה גדול (Large Language Model) - מודל AI שאומן על כמויות עצומות של טקסט כדי להבין, לייצר ולחזות שפה אנושית ברמה גבוהה (למשל GPT-4)."",""word"":""LLM""},{""word"":""Prompt"",""definition"":""פרומפט (Prompt) - הקלט או ההנחיה הטקסטואלית שהמשתמש מספק למודל ה-AI כדי לקבל את התוצאה הרצויה.""},{""word"":""Hallucination"",""definition"":""הזיה (Hallucination) - מצב שבו מודל ה-AI מייצר מידע שגוי או מומצא, אך מציג אותו כעובדה בביטחון מלא.""},{""word"":""Machine Learning"",""definition"":""למידת מכונה (Machine Learning) - תחום ב-AI המאפשר למחשבים ללמוד מנתונים ולהשתפר בביצוע משימות ללא תכנות מפורש לכל מצב.""},{""word"":""Token"",""definition"":""אסימון (Token) - יחידת המידע הבסיסית שמודל שפה מעבד (יכול להיות מילה, חלק ממילה או תו), המשמשת לחישוב עלויות ומגבלות קלט.""},{""definition"":""צ'אטבוט (Chatbot) - תוכנה המדמה שיחה אנושית (כתובה או קולית) כדי לספק שירות או מידע, לרוב מבוססת על מודלי שפה."",""word"":""Chatbot""},{""definition"":""למידה מותאמת אישית (Personalized Learning) - גישה חינוכית המתאימה את התוכן, הקצב ושיטת ההוראה לצרכים הייחודיים של כל תלמיד, לעיתים בסיוע AI."",""word"":""Personalized Learning""},{""word"":""AI Literacy"",""definition"":""אוריינות AI (AI Literacy) - מערך המיומנויות והידע הנדרשים כדי להבין, להשתמש ולהעריך בביקורתיות טכנולוגיות בינה מלאכותית.""}],""concepts"":[{""definition"":""בינה מלאכותית (Artificial Intelligence) - ענף במדעי המחשב העוסק ביצירת מכונות ומערכות המסוגלות לבצע משימות הדורשות אינטליגנציה אנושית."",""term"":""AI""},{""definition"":""בינה מלאכותית יוצרת (Generative AI) - סוג של AI המסוגל ליצור תוכן חדש (טקסט, תמונות, וידאו, קוד) על סמך דוגמאות שעליו הוא אומן."",""term"":""Generative AI""},{""definition"":""מודל שפה גדול (Large Language Model) - מודל AI שאומן על כמויות עצומות של טקסט כדי להבין, לייצר ולחזות שפה אנושית ברמה גבוהה (למשל GPT-4)."",""term"":""LLM""},{""definition"":""פרומפט (Prompt) - הקלט או ההנחיה הטקסטואלית שהמשתמש מספק למודל ה-AI כדי לקבל את התוצאה הרצויה."",""term"":""Prompt""},{""term"":""Hallucination"",""definition"":""הזיה (Hallucination) - מצב שבו מודל ה-AI מייצר מידע שגוי או מומצא, אך מציג אותו כעובדה בביטחון מלא.""},{""term"":""Machine Learning"",""definition"":""למידת מכונה (Machine Learning) - תחום ב-AI המאפשר למחשבים ללמוד מנתונים ולהשתפר בביצוע משימות ללא תכנות מפורש לכל מצב.""},{""term"":""Token"",""definition"":""אסימון (Token) - יחידת המידע הבסיסית שמודל שפה מעבד (יכול להיות מילה, חלק ממילה או תו), המשמשת לחישוב עלויות ומגבלות קלט.""},{""term"":""Chatbot"",""definition"":""צ'אטבוט (Chatbot) - תוכנה המדמה שיחה אנושית (כתובה או קולית) כדי לספק שירות או מידע, לרוב מבוססת על מודלי שפה.""},{""definition"":""למידה מותאמת אישית (Personalized Learning) - גישה חינוכית המתאימה את התוכן, הקצב ושיטת ההוראה לצרכים הייחודיים של כל תלמיד, לעיתים בסיוע AI."",""term"":""Personalized Learning""},{""definition"":""אוריינות AI (AI Literacy) - מערך המיומנויות והידע הנדרשים כדי להבין, להשתמש ולהעריך בביקורתיות טכנולוגיות בינה מלאכותית."",""term"":""AI Literacy""}]}","694654f1c00903d20321c5c9","2025-12-20T07:49:05.847000","2025-12-31T16:50:36.010000","693824c5c1ad33c1f114ebd3","false"
"69391901350762829f9a50b1","6945d4fd8213de74fd4c0a84","[""6945d4fd8213de74fd4c0a84""]","6945d4fea8fc7d5d59cd2d52","אינפוגרפיקה: אבולוציה של טכנולוגיה בחינוך","אינפוגרפיקה המציגה את ציר הזמן של התפתחות טכנולוגיות בחינוך, מהלוח והגיר ועד לעידן הבינה המלאכותית.","","https://qtrypzzcjebvfcihiynt.supabase.co/storage/v1/object/public/base44-prod/public/693824c5c1ad33c1f114ebd2/eeb115441_generated_image.png","A high quality infographic timeline showing the evolution of educational technology, starting from chalkboard, to overhead projector, to computer lab, to tablets, and finally AI holograms. Clean vector style, educational colors.","","","","other","רקע היסטורי","1","{}","694654f1c00903d20321c5ca","2025-12-20T07:49:05.847000","2025-12-31T16:50:37.020000","693824c5c1ad33c1f114ebd3","false"
"69391901350762829f9a50b1","6945d4fd8213de74fd4c0a84","[""6945d4fd8213de74fd4c0a84""]","6945d4feafde486933316660","כלי מדידה להטמעת AI","שאלונים, מדדי הצלחה וכלים מעשיים למדידת תהליך הטמעה בבית הספר.","https://example.com/implementation_measurement_tools.xlsx","","A spreadsheet preview with KPIs, metrics dashboards, survey templates, professional data visualization elements.","","","","assessment_tools","","","{}","6945d5068213de74fd4c0a8b","2025-12-19T22:43:18.305000","2025-12-31T16:50:38.052000","693824c5c1ad33c1f114ebd3","false"
"69391901350762829f9a50b1","6945d4fd8213de74fd4c0a84","[""6945d4fd8213de74fd4c0a84""]","6945d4fe93cb82cdd6982258","מאגר משאבים AI לחינוך","רשימה מעודכנת של כלים, מאמרים, קורסים וקהילות AI בחינוך.","https://bdnhost.net/Resources/docs/edu_tools.html","","A comprehensive resource list design with categorized sections, links, icons for different tools and platforms, organized layout.","","","","link","","","","6945d5050801a722849a0413","2025-12-19T22:43:17.915000","2025-12-31T16:50:38.935000","693824c5c1ad33c1f114ebd3","false"
"69391901350762829f9a50b1","6945d4fd8213de74fd4c0a84","[""6945d4fd8213de74fd4c0a84""]","6945d4feb43579ea73d602bf","דוגמאות סימולציות AI","אוסף דוגמאות לסימולציות ופרויקטים חווייתיים עם AI בתחומים שונים.","https://example.com/ai_simulations_examples.pdf","","A showcase document with screenshots of various simulations, interactive learning environments, diverse subject areas.","","","","examples","","","{}","6945d5058213de74fd4c0a8a","2025-12-19T22:43:17.514000","2025-12-31T16:50:39.839000","693824c5c1ad33c1f114ebd3","false"
"69391901350762829f9a50b1","6945d4fd8213de74fd4c0a84","[""6945d4fd8213de74fd4c0a84""]","6945d4fecffac7852a8a57cd","מדריך Midjourney ו-DALL·E למורים","מדריך שלב-אחר-שלב ליצירת תמונות חינוכיות באמצעות כלי AI ויזואליים.","https://example.com/visual_ai_tools_guide.pdf","","A vibrant guide cover showing example AI-generated educational images, step-by-step tutorials, colorful and inviting design.","","","","guide","","","{}","6945d5053428b611971a3842","2025-12-19T22:43:17.185000","2025-12-31T16:50:40.720000","693824c5c1ad33c1f114ebd3","false"
"69391901350762829f9a50b1","6945d4fd8213de74fd4c0a84","[""6945d4fd8213de74fd4c0a84""]","6945d4fe8872ac1b833e6849","קובץ קריאה: אתיקה ו-AI בחינוך","מאמר מקיף על סוגיות אתיות, פרטיות, הטיות והנחיות משרד החינוך.","https://example.com/ethics_ai_education.pdf","","An academic paper cover with ethics symbols, balance scales, privacy locks, and educational elements, serious professional tone.","","","","reading","","","{}","6945d5042568de6169f51bc1","2025-12-19T22:43:16.770000","2025-12-31T16:50:41.638000","693824c5c1ad33c1f114ebd3","false"
"69391901350762829f9a50b1","6945d4fd8213de74fd4c0a84","[""6945d4fd8213de74fd4c0a84""]","6945d4fe98eb2f5e720c021a","תבניות מערכי שיעור AI","אוסף תבניות ניתנות לעריכה למערכי שיעור עם שילוב AI, כולל Rubrics והתאמות.","https://example.com/lesson_plan_templates.docx","","A stack of editable template documents with lesson plan structures, organized and color-coded, professional educational design.","","","","template","","","{}","6945d503e07a79262a9e401a","2025-12-19T22:43:15.274000","2025-12-31T16:50:42.668000","693824c5c1ad33c1f114ebd3","false"
"69391901350762829f9a50b1","6945d4fd8213de74fd4c0a84","[""6945d4fd8213de74fd4c0a84""]","6945d4fd5f9caaa8ba8c32d9","מדריך Prompt Engineering למורים","מדריך מקיף ליצירת Prompts אפקטיביים עבור ChatGPT ומודלים נוספים, עם דוגמאות מהחינוך.","https://bdnhost.net/Resources/prompt-engineering-guide.html","","A professional document cover with prompt examples and best practices, clean educational design, icons representing good and bad prompts.","","","","document","","","","6945d502f4529e3e9252f10f","2025-12-19T22:43:14.958000","2025-12-31T16:50:44.756000","693824c5c1ad33c1f114ebd3","false"
"69391901350762829f9a50b1","6945d4fd8213de74fd4c0a84","[""6945d4fd8213de74fd4c0a84""]","6945d4fd6d3cd77b94642237","מצגת מפגש 1: מבוא ל-AI בחינוך","מצגת פתיחה המציגה מושגי יסוד, דוגמאות לכלים, וסקירת השפעת AI על החינוך.","","","A modern minimalist presentation cover slide with AI and education symbols merging together, blue gradient background, professional typography.","","ברוכים הבאים למצגת הראשונה שלנו על בינה מלאכותית בחינוך. נתחיל במושגי יסוד ונדבר על מה זו בינה מלאכותית ואיך זה מתקשר לחינוך.

בכדי להבין את השפעת ה-AI על החינוך, יש להכיר את המושגים הבסיסיים: למידה מכוונת, למידה לא מכוונת ולמידת חיזוק.

נדבר על הכלים השונים הנמצאים בשימוש, כמו מערכות הערכה אוטומטיות ומלמדים וירטואליים, וכיצד הם מסייעים לתלמידים.

אציג Dהכלים הפופולריים יחסית כיום בשוק, כמו Google Classroom, Kahoot! ו-Duolingo, ואסביר כיצד הם משתמשים בבינה מלאכותית.

נשפוט את ההשפעה של AI על החינוך: האם זה משפר את הלמידה האישי? האם זה עוזר בהעברת הידע? וגם נתייחס לאתגרים והחששות הקשורים לכך.","","presentation","מבוא ל AI","1","{""slides"":[{""title"":""מצגת מפגש 1: מבוא ל-AI בחינוך"",""bullets"":[""מהו בינה מלאכותית (AI)?"",""ההיסטוריה של AI והחינוך"",""למה זה חשוב לנו?""],""speaker_notes"":""ברוכים הבאים למצגת הראשונה שלנו על בינה מלאכותית בחינוך. נתחיל במושגי יסוד ונדבר על מה זו בינה מלאכותית ואיך זה מתקשר לחינוך.""},{""title"":""מושגי יסוד באינטליגנציה מלאכותית"",""bullets"":[""למידה מכוונת"",""למידה לא מכוונת"",""למידת חיזוק""],""speaker_notes"":""בכדי להבין את השפעת ה-AI על החינוך, יש להכיר את המושגים הבסיסיים: למידה מכוונת, למידה לא מכוונת ולמידת חיזוק.""},{""title"":""היישומים של AI בחינוך"",""bullets"":[""מערכות הערכה אוטומטיות"",""מלמדים וירטואליים"",""יועצים חכמים""],""speaker_notes"":""נדבר על הכלים השונים הנמצאים בשימוש, כמו מערכות הערכה אוטומטיות ומלמדים וירטואליים, וכיצד הם מסייעים לתלמידים.""},{""title"":""דוגמאות לכלים פופולריים"",""bullets"":[""Google Classroom"",""Kahoot!"",""Duolingo""],""speaker_notes"":""אציג Dהכלים הפופולריים יחסית כיום בשוק, כמו Google Classroom, Kahoot! ו-Duolingo, ואסביר כיצד הם משתמשים בבינה מלאכותית.""},{""title"":""השפעת AI על החינוך בכלל"",""bullets"":[""שיפור הלמידה האישית"",""העברת ידע ביעילות"",""אתגרים וחששות""],""speaker_notes"":""נשפוט את ההשפעה של AI על החינוך: האם זה משפר את הלמידה האישי? האם זה עוזר בהעברת הידע? וגם נתייחס לאתגרים והחששות הקשורים לכך.""}]}","6945d502dc7f1960ca9ec4a6","2025-12-19T22:43:14.634000","2025-12-31T16:50:45.733000","693824c5c1ad33c1f114ebd3","false"
"69391901350762829f9a50b1","69414e2be636c8c8c38af82d","[""69414e2be636c8c8c38af82d""]","","מדריך אתיקה ב-AI","מדריך לשימוש אתי בבינה מלאכותית","https://bdnhost.net/Resources/ai_ethics.html","","","","","","link","","","","69414e3e214741b07d9658ce","2025-12-16T12:19:10.293000","2025-12-31T16:50:46.717000","693824c5c1ad33c1f114ebd3","false"
"69391901350762829f9a50b1","69414e2be636c8c8c38af82d","[""69414e2be636c8c8c38af82d""]","","מפת האתר - כל המדריכים","רשימה מלאה של כל המדריכים הזמינים","https://bdnhost.net/Resources/sitemap.html","","","","","","link","","","{}","69414e3e83b70f0261868afc","2025-12-16T12:19:10.063000","2025-12-31T16:50:47.764000","693824c5c1ad33c1f114ebd3","false"
"69391901350762829f9a50b1","69414e2be636c8c8c38af82d","[""69414e2be636c8c8c38af82d""]","","מרכז המדריכים - LearningHub","כל המדריכים במקום אחד","https://bdnhost.net/Resources/index.html","","","","","","link","","","{}","69414e3d51b143dfacaf7580","2025-12-16T12:19:09.923000","2025-12-31T16:50:48.676000","693824c5c1ad33c1f114ebd3","false"
"69391901350762829f9a50b1","69414e2be636c8c8c38af82d","[""69414e2be636c8c8c38af82d""]","","רשימת כלי AI מומלצים","דף Google Docs עם כל הכלים, מחירים וקישורים","https://docs.google.com/document/d/ai-tools-list","","","","","","link","","","{}","69414e3deb52d6973eb416a5","2025-12-16T12:19:09.768000","2025-12-31T16:50:49.609000","693824c5c1ad33c1f114ebd3","false"
"69391901350762829f9a50b1","69414e2be636c8c8c38af82d","[""69414e2be636c8c8c38af82d""]","","Discord Server לשאלות ותמיכה","שרת Discord פעיל עם ערוצי עזרה לכל נושא","https://discord.gg/mech-ai-2025","","","","","","link","","","{}","69414e3d42cdbf27d51da94c","2025-12-16T12:19:09.621000","2025-12-31T16:50:50.627000","693824c5c1ad33c1f114ebd3","false"
"69391901350762829f9a50b1","69414e2be636c8c8c38af82d","[""69414e2be636c8c8c38af82d""]","","GitHub Repository - כל חומרי הקורס","מאגר קוד מרכזי עם כל הדוגמאות, מדריכים וקבצים","https://github.com/college/mech-ai-course-2025","","","","","","link","","","{}","69414e3d3318d2063df7f8ac","2025-12-16T12:19:09.454000","2025-12-31T16:50:51.506000","693824c5c1ad33c1f114ebd3","false"
"69391901350762829f9a50b1","69414e2be636c8c8c38af82d","[""69414e2be636c8c8c38af82d""]","69414e2c8387be36c66836fe","מדריך קורות חיים","מדריך לכתיבת CV מקצועי","https://bdnhost.net/Resources/cv_guide.html","","","","","","guide","","","{}","69414e3d0f3ee2543c85f60c","2025-12-16T12:19:09.074000","2025-12-31T16:50:52.417000","693824c5c1ad33c1f114ebd3","false"
"69391901350762829f9a50b1","69414e2be636c8c8c38af82d","[""69414e2be636c8c8c38af82d""]","69414e2c8387be36c66836fe","מדריך קריירה","מדריך להכנה לקריירה","https://bdnhost.net/Resources/career_prep.html","","","","","","guide","","","{}","69414e3c6c342c2a74e75da2","2025-12-16T12:19:08.770000","2025-12-31T16:50:53.524000","693824c5c1ad33c1f114ebd3","false"
"69391901350762829f9a50b1","69414e2be636c8c8c38af82d","[""69414e2be636c8c8c38af82d""]","69414e2c8387be36c66836fe","מדריך פורטפוליו","מדריך לבניית תיק עבודות דיגיטלי","https://bdnhost.net/Resources/building-impressive-digital-portfolio.html","","","","","","guide","","","{}","69414e3ce32e82c3b0cf3058","2025-12-16T12:19:08.402000","2025-12-31T16:50:55.023000","693824c5c1ad33c1f114ebd3","false"
"69391901350762829f9a50b1","69414e2be636c8c8c38af82d","[""69414e2be636c8c8c38af82d""]","69414e2c8387be36c66836fe","מדריך מצגות","מדריך להצגה מקצועית","https://bdnhost.net/Resources/presentation_skills.html","","","","","","guide","","","{}","69414e3cb47d88b4898e0fff","2025-12-16T12:19:08.088000","2025-12-31T16:50:56.454000","693824c5c1ad33c1f114ebd3","false"
"69391901350762829f9a50b1","69414e2be636c8c8c38af82d","[""69414e2be636c8c8c38af82d""]","69414e2c9aac2db4157c4d20","מדריך בניית צ'אטבוט","מדריך לבניית צ'אטבוט ללא קוד","https://bdnhost.net/Resources/guides/ai-automation/no-code-customer-service-chatbot-building.html","","","","","","link","","","","69414e3b214741b07d9658cc","2025-12-16T12:19:07.800000","2025-12-31T16:50:57.359000","693824c5c1ad33c1f114ebd3","false"
"69391901350762829f9a50b1","69414e2be636c8c8c38af82d","[""69414e2be636c8c8c38af82d""]","69414e2c3df03f934edd538b","מדריך רכב","מדריך לתעשיית הרכב","https://bdnhost.net/Resources/automotive_guide.html","","","","","","guide","","","{}","69414e3b1e9903cf9b4d302a","2025-12-16T12:19:07.517000","2025-12-31T16:50:58.263000","693824c5c1ad33c1f114ebd3","false"
"69391901350762829f9a50b1","69414e2be636c8c8c38af82d","[""69414e2be636c8c8c38af82d""]","69414e2c3df03f934edd538b","מדריך הנדסה מכנית","מדריך לעיצוב מכני","https://bdnhost.net/Resources/mechanical_design_guide.html","","","","","","guide","","","{}","69414e3b8026cf3066af95bf","2025-12-16T12:19:07.187000","2025-12-31T16:50:59.377000","693824c5c1ad33c1f114ebd3","false"
"69391901350762829f9a50b1","69414e2be636c8c8c38af82d","[""69414e2be636c8c8c38af82d""]","69414e2c3df03f934edd538b","מאמר: Predictive Maintenance with AI","מאמר אקדמי על תחזוקה מונעת (אנגלית)","https://bdnhost.net/Resources/guides/career/career_prep.html","","","","","","link","","8","","69414e3a621c61bea16c15b6","2025-12-16T12:19:06.890000","2025-12-31T16:51:00.255000","693824c5c1ad33c1f114ebd3","false"
"69391901350762829f9a50b1","69414e2be636c8c8c38af82d","[""69414e2be636c8c8c38af82d""]","69414e2c1330bc7ac6fe43b8","מדריך UI/UX","מדריך לעיצוב ממשק משתמש","https://bdnhost.net/Resources/ui_ux_guide.html","","","","","","guide","","","{}","69414e3ab93d455fcd5d6b30","2025-12-16T12:19:06.558000","2025-12-31T16:51:01.175000","693824c5c1ad33c1f114ebd3","false"
"69391901350762829f9a50b1","69414e2be636c8c8c38af82d","[""69414e2be636c8c8c38af82d""]","69414e2c1330bc7ac6fe43b8","מדריך Power BI","מדריך ליצירת דשבורדים","https://bdnhost.net/Resources/powerbi_guide.html","","","","","","guide","","","{}","69414e3a11647469b8858d9f","2025-12-16T12:19:06.124000","2025-12-31T16:51:02.075000","693824c5c1ad33c1f114ebd3","false"
"69391901350762829f9a50b1","69414e2be636c8c8c38af82d","[""69414e2be636c8c8c38af82d""]","69414e2c3ee762a6a5f26700","מדריך SQL","מדריך לעבודה עם מסדי נתונים","https://bdnhost.net/Resources/sql_guide.html","","","","","","guide","","","{}","69414e39839bbd74e0bc9dc1","2025-12-16T12:19:05.729000","2025-12-31T16:51:03.029000","693824c5c1ad33c1f114ebd3","false"
"69391901350762829f9a50b1","69414e2be636c8c8c38af82d","[""69414e2be636c8c8c38af82d""]","69414e2c3ee762a6a5f26700","מדריך IoT","מדריך לאינטרנט של הדברים","https://bdnhost.net/Resources/iot_guide.html","","","","","","guide","","","{}","69414e39bf32c5df194d2ba6","2025-12-16T12:19:05.414000","2025-12-31T16:51:04.359000","693824c5c1ad33c1f114ebd3","false"
"69391901350762829f9a50b1","69414e2be636c8c8c38af82d","[""69414e2be636c8c8c38af82d""]","69414e2c3ee762a6a5f26700","תבנית קוד: מערכת ניטור","Starter code למערכת הניטור","https://github.com/example/monitoring-system-template","","","","","","code","","","{}","69414e390a719752e08ef35c","2025-12-16T12:19:05.073000","2025-12-31T16:51:05.391000","693824c5c1ad33c1f114ebd3","false"
"69391901350762829f9a50b1","69414e2be636c8c8c38af82d","[""69414e2be636c8c8c38af82d""]","69414e2cac5b82cce4a0ad27","מדריך LLMs","הבנת מודלי שפה גדולים","https://bdnhost.net/Resources/understanding-llms-how-it-works.html","","","","","","guide","","","{}","69414e38aeb843dc37b48055","2025-12-16T12:19:04.685000","2025-12-31T16:51:06.917000","693824c5c1ad33c1f114ebd3","false"
"69391901350762829f9a50b1","69414e2be636c8c8c38af82d","[""69414e2be636c8c8c38af82d"",""6945d4fd8213de74fd4c0a84""]","69414e2cac5b82cce4a0ad27","סרטון הדרכה: OpenAI API","וידאו של 30 דקות על שימוש ב-API","https://youtu.be/bsnMbJFjhKU?si=pznv_K41p0mG4LsO","","","","","","link","","","","69414e38ba4bbc445899de47","2025-12-16T12:19:04.256000","2025-12-31T16:59:02.559000","693824c5c1ad33c1f114ebd3","false"
"69391901350762829f9a50b1","69414e2be636c8c8c38af82d","[""69414e2be636c8c8c38af82d""]","69414e2be38a28655bb34f38","מדריך Excel","מדריך Excel לסטודנטים","https://bdnhost.net/Resources/excel_student.html","","","","","","guide","","","{}","69414e37a7003c26a3e95aa4","2025-12-16T12:19:03.518000","2025-12-31T16:51:10.368000","693824c5c1ad33c1f114ebd3","false"
"69391901350762829f9a50b1","69414e2be636c8c8c38af82d","[""69414e2be636c8c8c38af82d""]","69414e2be38a28655bb34f38","מדריך ניתוח נתונים","מדריך מקיף לניתוח נתונים עם Python","https://bdnhost.net/Resources/data_analysis_guide.html","","","","","","guide","","","{}","69414e3623a273ea3b3b3f65","2025-12-16T12:19:02.784000","2025-12-31T16:51:11.368000","693824c5c1ad33c1f114ebd3","false"
"69391901350762829f9a50b1","69414e2be636c8c8c38af82d","[""69414e2be636c8c8c38af82d""]","69414e2be38a28655bb34f38","Dataset: נתוני ייצור לתרגול","קובץ CSV עם נתוני ייצור חודשי (100MB)","https://example.com/production-data.csv","","","","","","dataset","","","{}","69414e35e32e82c3b0cf3052","2025-12-16T12:19:01.971000","2025-12-31T16:51:12.371000","693824c5c1ad33c1f114ebd3","false"
"69391901350762829f9a50b1","69414e2be636c8c8c38af82d","[""69414e2be636c8c8c38af82d""]","69414e2b56906fa6056d995b","מדריך GitHub","מדריך לניהול קוד עם Git ו-GitHub","https://bdnhost.net/Resources/github_guide.html","","","","","","link","","","","69414e35eb899ca912353c31","2025-12-16T12:19:01.273000","2025-12-31T16:51:13.431000","693824c5c1ad33c1f114ebd3","false"
"69391901350762829f9a50b1","69414e2be636c8c8c38af82d","[""69414e2be636c8c8c38af82d""]","69414e2b56906fa6056d995b","מדריך Terminal","מדריך לעבודה עם שורת הפקודה","https://bdnhost.net/Resources/guides/digital-basics/terminal_guide.html","","","","","","link","","1","","69414e3447b03b0f905a5285","2025-12-16T12:19:00.459000","2025-12-31T16:51:14.716000","693824c5c1ad33c1f114ebd3","false"
"69391901350762829f9a50b1","69414e2be636c8c8c38af82d","[""69414e2be636c8c8c38af82d""]","69414e2b56906fa6056d995b","מדריך Python","מדריך מקיף לתכנות Python","https://bdnhost.net/Resources/python_guide.html","","","","","","guide","","","{}","69414e3433e4f2dbcccc799f","2025-12-16T12:19:00.022000","2025-12-31T16:51:15.633000","693824c5c1ad33c1f114ebd3","false"
"69391901350762829f9a50b1","69414e2be636c8c8c38af82d","[""69414e2be636c8c8c38af82d""]","69414e2b56906fa6056d995b","קוד לדוגמה: Python Basics","קבצי Python לדוגמה עם חישובים הנדסיים","https://github.com/example/mech-ai-python-basics","","","","","","code","","","{}","69414e330f3ee2543c85f605","2025-12-16T12:18:59.669000","2025-12-31T16:51:16.556000","693824c5c1ad33c1f114ebd3","false"
"69391901350762829f9a50b1","69414e2be636c8c8c38af82d","[""69414e2be636c8c8c38af82d""]","69414e2b4fbd1b665f582571","ספריית פרומפטים","אוסף פרומפטים מוכנים לשימוש","https://bdnhost.net/Resources/prompts.html","","","","","","guide","","","{}","69414e33fdf865493623b230","2025-12-16T12:18:59.361000","2025-12-31T16:51:17.530000","693824c5c1ad33c1f114ebd3","false"
"69391901350762829f9a50b1","69414e2be636c8c8c38af82d","[""69414e2be636c8c8c38af82d""]","69414e2b4fbd1b665f582571","מדריך הנדסת פרומפטים","מדריך מקיף לכתיבת פרומפטים יעילים","https://bdnhost.net/Resources/prompt-engineering-guide.html","","","","","","guide","","","{}","69414e325692e95313f5a8c6","2025-12-16T12:18:58.974000","2025-12-31T16:51:18.425000","693824c5c1ad33c1f114ebd3","false"
"69391901350762829f9a50b1","69414e2be636c8c8c38af82d","[""69414e2be636c8c8c38af82d""]","69414e2b4fbd1b665f582571","מדריך Prompt Engineering","מדריך PDF של 20 עמודים לכתיבת פרומפטים יעילים","https://example.com/prompt-engineering-guide.pdf","","","","","","document","","","{}","69414e3252b19f72f0cf1487","2025-12-16T12:18:58.677000","2025-12-31T16:51:19.382000","693824c5c1ad33c1f114ebd3","false"
"69391901350762829f9a50b1","69414e2be636c8c8c38af82d","[""69414e2be636c8c8c38af82d""]","69414e2b65bc340e8836c78d","מדריך ChatGPT","מדריך מלא לשימוש ב-ChatGPT","https://bdnhost.net/Resources/chatgpt_guide.html","","","","","","link","","","","69414e32ae506c2524e92051","2025-12-16T12:18:58.314000","2025-12-31T16:51:20.279000","693824c5c1ad33c1f114ebd3","false"
"69391901350762829f9a50b1","69414e2be636c8c8c38af82d","[""69414e2be636c8c8c38af82d""]","69414e2b65bc340e8836c78d","מדריך יסודות AI","מדריך מקיף על יסודות הבינה המלאכותית","https://bdnhost.net/Resources/ai_basics.html","","","","","","link","","","","69414e32eb6133042ca18c9e","2025-12-16T12:18:58.033000","2025-12-31T16:51:21.177000","693824c5c1ad33c1f114ebd3","false"
"69391901350762829f9a50b1","69414e2be636c8c8c38af82d","[""69414e2be636c8c8c38af82d""]","69414e2b65bc340e8836c78d","מצגת מפגש 1: מבוא ל-AI","מצגת מלאה עם 50 שקופיות על יסודות AI ויישומים תעשייתיים","https://example.com/session1-intro-ai.pdf","","","","","","presentation","","","{}","69414e3123ad9db553364ed3","2025-12-16T12:18:57.729000","2025-12-31T16:51:22.118000","693824c5c1ad33c1f114ebd3","false"